split,feature,threshold,direction,ret_col,label,n_trades,avg_gross_pct,avg_net_pct,hit_rate,total_net_pct,ann_return_pct,sharpe,max_drawdown_pct,profit_factor,trades_per_year,cost_bps,bars_per_year,secondary_threshold
train,basis_z_24h,1.0,mean_revert,fwd_ret_4h,train/taker/thr=1.0,205,-0.011683154883490804,-0.11168315488349087,0.48292682926829267,-22.89504675111563,-137.93675589022652,-4.301054979753694,-23.602450948677458,0.7040782278801808,1235.0721649484535,10.0,8760,
train,basis_z_24h,1.0,mean_revert,fwd_ret_4h,train/maker/thr=1.0,205,-0.011683154883490804,-0.07168315488349083,0.526829268292683,-14.69504675111562,-88.53386929228833,-2.7606060251228524,-18.59869196345707,0.7995296991560741,1235.0721649484535,6.000000000000001,8760,
train,basis_z_24h,1.5,mean_revert,fwd_ret_4h,train/taker/thr=1.5,109,-0.07026130860383535,-0.17026130860383543,0.44954128440366975,-18.558482637818063,-112.19562676076768,-4.485789919797178,-20.44234814714295,0.6129336209515985,658.9613793103449,10.0,8760,
train,basis_z_24h,1.5,mean_revert,fwd_ret_4h,train/maker/thr=1.5,109,-0.07026130860383535,-0.13026130860383536,0.47706422018348627,-14.198482637818053,-85.83717158835384,-3.43192983694424,-17.74898869417847,0.6888044662361704,658.9613793103449,6.000000000000001,8760,
train,basis_z_24h,2.0,mean_revert,fwd_ret_4h,train/taker/thr=2.0,49,-0.15713212626945539,-0.2571321262694555,0.40816326530612246,-12.599474187203318,-77.28970659553835,-4.032291972509862,-16.063816351052264,0.5043000470496152,300.58362491252626,10.0,8760,
train,basis_z_24h,2.0,mean_revert,fwd_ret_4h,train/maker/thr=2.0,49,-0.15713212626945539,-0.2171321262694555,0.40816326530612246,-10.639474187203318,-65.2663615990373,-3.4050203777836057,-14.948513925018503,0.561395200220412,300.58362491252626,6.000000000000001,8760,
train,basis_z_24h,2.5,mean_revert,fwd_ret_4h,train/taker/thr=2.5,30,-0.19377970301026912,-0.2937797030102692,0.43333333333333335,-8.813391090308077,-54.06451105503191,-4.264460758125615,-11.553002439437742,0.399579055317609,184.03079076277118,10.0,8760,
train,basis_z_24h,2.5,mean_revert,fwd_ret_4h,train/maker/thr=2.5,30,-0.19377970301026912,-0.25377970301026914,0.4666666666666667,-7.613391090308075,-46.70327942452106,-3.683826941094824,-11.02072521924451,0.4574113193335801,184.03079076277118,6.000000000000001,8760,
val,basis_z_24h,1.0,mean_revert,fwd_ret_4h,val/taker/thr=1.0,626,-0.0760571619510838,-0.17605716195108384,0.41214057507987223,-110.2117833813785,-221.53554072945744,-5.700595007578175,-67.70452164910317,0.614283785917313,1258.3159825728044,10.0,8760,
val,basis_z_24h,1.0,mean_revert,fwd_ret_4h,val/maker/thr=1.0,626,-0.0760571619510838,-0.13605716195108383,0.43769968051118213,-85.17178338137848,-171.2029014265452,-4.405425883095288,-59.23536071822234,0.6861294877902127,1258.3159825728044,6.000000000000001,8760,
val,basis_z_24h,1.5,mean_revert,fwd_ret_4h,val/taker/thr=1.5,375,-0.1227625689884538,-0.22276256898845387,0.4026666666666667,-83.5359633706702,-168.45554518226248,-5.629480737038396,-55.91294033740901,0.5446598062712583,756.2111801242236,10.0,8760,
val,basis_z_24h,1.5,mean_revert,fwd_ret_4h,val/maker/thr=1.5,375,-0.1227625689884538,-0.18276256898845383,0.432,-68.53596337067019,-138.2070979772935,-4.618632143829689,-48.804518394819674,0.6077691657291147,756.2111801242236,6.000000000000001,8760,
val,basis_z_24h,2.0,mean_revert,fwd_ret_4h,val/taker/thr=2.0,207,-0.16567909921379928,-0.2656790992137994,0.42028985507246375,-54.99557353725647,-110.90204684324596,-5.103708701028989,-43.36386129523853,0.49641449562873624,417.42857142857144,10.0,8760,
val,basis_z_24h,2.0,mean_revert,fwd_ret_4h,val/maker/thr=2.0,207,-0.16567909921379928,-0.2256790992137993,0.4396135265700483,-46.71557353725646,-94.20490398610309,-4.335306712896395,-38.8428198137124,0.5530359747107958,417.42857142857144,6.000000000000001,8760,
val,basis_z_24h,2.5,mean_revert,fwd_ret_4h,val/taker/thr=2.5,98,-0.09945396034754471,-0.1994539603475448,0.4387755102040816,-19.54648811405939,-39.41672758404523,-2.252971534018278,-18.382888683123554,0.6435544641509525,197.6231884057971,10.0,8760,
val,basis_z_24h,2.5,mean_revert,fwd_ret_4h,val/maker/thr=2.5,98,-0.09945396034754471,-0.15945396034754475,0.45918367346938777,-15.626488114059384,-31.51180004781333,-1.8011436475040123,-15.45880439654047,0.7033625093712733,197.6231884057971,6.000000000000001,8760,
test,basis_z_24h,1.0,mean_revert,fwd_ret_4h,test/taker/thr=1.0,644,0.06453632149097083,-0.03546367850902925,0.4720496894409938,-22.838608959814838,-45.428465201211,-1.0610239647604776,-31.296558485096014,0.9162532059601829,1280.9857045609258,10.0,8760,
test,basis_z_24h,1.0,mean_revert,fwd_ret_4h,test/maker/thr=1.0,644,0.06453632149097083,0.004536321490970791,0.4984472049689441,2.9213910401851892,5.810962981226089,0.13572043330340186,-26.69358395976825,1.0112583871912126,1280.9857045609258,6.000000000000001,8760,
test,basis_z_24h,1.5,mean_revert,fwd_ret_4h,test/taker/thr=1.5,378,0.09910002279921783,-0.000899977200782251,0.49206349206349204,-0.34019138189569087,-0.6765239686246883,-0.02109793737320966,-20.039980802875256,0.9978028609655424,751.7123411978222,10.0,8760,
test,basis_z_24h,1.5,mean_revert,fwd_ret_4h,test/maker/thr=1.5,378,0.09910002279921783,0.039100022799217794,0.5158730158730159,14.779808618104326,29.39196967928823,0.916611922604202,-14.478465225287607,1.1002902281897187,751.7123411978222,6.000000000000001,8760,
test,basis_z_24h,2.0,mean_revert,fwd_ret_4h,test/taker/thr=2.0,203,-0.041159436100786484,-0.14115943610078657,0.4630541871921182,-28.655365528459676,-57.77206398861029,-2.4071009862159674,-33.44910322677206,0.7076679416257493,409.2681692732291,10.0,8760,
test,basis_z_24h,2.0,mean_revert,fwd_ret_4h,test/maker/thr=2.0,203,-0.041159436100786484,-0.10115943610078655,0.4876847290640394,-20.53536552845967,-41.40133721768111,-1.7250067379795773,-29.700335954904354,0.7809416884212195,409.2681692732291,6.000000000000001,8760,
test,basis_z_24h,2.5,mean_revert,fwd_ret_4h,test/taker/thr=2.5,88,-0.003485351175201081,-0.10348535117520118,0.4659090909090909,-9.106710903417703,-18.364257598196364,-1.2513398751798899,-13.91441470368644,0.7562113221822054,177.45755693581782,10.0,8760,
test,basis_z_24h,2.5,mean_revert,fwd_ret_4h,test/maker/thr=2.5,88,-0.003485351175201081,-0.06348535117520111,0.5,-5.586710903417698,-11.26595532076364,-0.7676618044309709,-11.858632070460295,0.8429042857701741,177.45755693581782,6.000000000000001,8760,
train,mom_z_24h,0.5,trend,fwd_ret_4h,train/taker/thr=0.5,1486,-0.0011422133371461155,-0.1011422133371462,0.37415881561238223,-150.29732901899925,-153.8244467227726,-4.086661852617713,-80.24191887585512,0.7190485415496655,1520.872854640981,10.0,8760,
train,mom_z_24h,0.5,trend,fwd_ret_4h,train/maker/thr=0.5,1486,-0.0011422133371461155,-0.06114221333714614,0.40915208613728127,-90.85732901899915,-92.98953253713329,-2.470457611962907,-68.17148524200707,0.8178525235017268,1520.872854640981,6.000000000000001,8760,
train,mom_z_24h,1.0,trend,fwd_ret_4h,train/taker/thr=1.0,832,0.012375070710932135,-0.08762492928906794,0.3798076923076923,-72.90394116850453,-74.69330858848886,-2.3693486322785544,-62.824513822659675,0.7767476318519354,852.4207573632539,10.0,8760,
train,mom_z_24h,1.0,trend,fwd_ret_4h,train/maker/thr=1.0,832,0.012375070710932135,-0.04762492928906791,0.4098557692307692,-39.62394116850451,-40.59647829395869,-1.2877620785423427,-51.495839860692584,0.870709511810607,852.4207573632539,6.000000000000001,8760,
train,mom_z_24h,1.5,trend,fwd_ret_4h,train/taker/thr=1.5,458,0.09086948349389987,-0.009130516506100226,0.37554585152838427,-4.181776559793904,-4.285917610563938,-0.16773864748233977,-33.98831065279949,0.9762243052457422,469.4058225184146,10.0,8760,
train,mom_z_24h,1.5,trend,fwd_ret_4h,train/maker/thr=1.5,458,0.09086948349389987,0.030869483493899782,0.39737991266375544,14.1382234402061,14.490315290172651,0.5671098021985573,-23.580963218621232,1.0858359355641505,469.4058225184146,6.000000000000001,8760,
train,mom_z_24h,2.0,trend,fwd_ret_4h,train/taker/thr=2.0,254,0.12804543258528656,0.028045432585286488,0.4094488188976378,7.123539876662768,7.300941255562472,0.3623696174134038,-17.34410920882211,1.0724693455376582,260.32549982462297,10.0,8760,
train,mom_z_24h,2.0,trend,fwd_ret_4h,train/maker/thr=2.0,254,0.12804543258528656,0.06804543258528652,0.43700787401574803,17.283539876662772,17.713961248547395,0.8792018913481113,-12.997857678692027,1.186995928653586,260.32549982462297,6.000000000000001,8760,
val,mom_z_24h,0.5,trend,fwd_ret_4h,val/taker/thr=0.5,776,0.01776936801091133,-0.08223063198908873,0.39690721649484534,-63.81097042353285,-128.14821689179587,-2.712698242052026,-54.29342177648125,0.8157024918405672,1558.3999999999999,10.0,8760,
val,mom_z_24h,0.5,trend,fwd_ret_4h,val/maker/thr=0.5,776,0.01776936801091133,-0.04223063198908871,0.42010309278350516,-32.770970423532845,-65.81221689179586,-1.3931421708244678,-38.98209279149736,0.9000474181380173,1558.3999999999999,6.000000000000001,8760,
val,mom_z_24h,1.0,trend,fwd_ret_4h,val/taker/thr=1.0,441,-0.00011072090745500031,-0.10011072090745508,0.42403628117913833,-44.14882792018769,-88.68208651429084,-2.4276820673115878,-40.20085835764839,0.7926041590386519,885.840054995417,10.0,8760,
val,mom_z_24h,1.0,trend,fwd_ret_4h,val/maker/thr=1.0,441,-0.00011072090745500031,-0.060110720907455034,0.4467120181405896,-26.50882792018767,-53.24848431447413,-1.457683231899823,-31.387761266293555,0.869337980680759,885.840054995417,6.000000000000001,8760,
val,mom_z_24h,1.5,trend,fwd_ret_4h,val/taker/thr=1.5,239,0.005570143309903577,-0.09442985669009651,0.41841004184100417,-22.568735748933065,-45.51128078563314,-1.6383474451345714,-29.184630366013742,0.8072976653411337,481.9585921325052,10.0,8760,
val,mom_z_24h,1.5,trend,fwd_ret_4h,val/maker/thr=1.5,239,0.005570143309903577,-0.05442985669009649,0.4393305439330544,-13.008735748933061,-26.232937100332926,-0.9443519218706262,-25.259966793013145,0.8834874757417215,481.9585921325052,6.000000000000001,8760,
val,mom_z_24h,2.0,trend,fwd_ret_4h,val/taker/thr=2.0,131,-0.008485444762343893,-0.10848544476234398,0.44274809160305345,-14.211593263867062,-29.521048945748497,-1.3127737853783077,-23.454333754369983,0.7944359952129801,272.1199052132701,10.0,8760,
val,mom_z_24h,2.0,trend,fwd_ret_4h,val/maker/thr=2.0,131,-0.008485444762343893,-0.06848544476234394,0.46564885496183206,-8.971593263867057,-18.63625273721768,-0.8287369495597643,-21.123171162697886,0.8645360593488638,272.1199052132701,6.000000000000001,8760,
test,mom_z_24h,0.5,trend,fwd_ret_4h,test/taker/thr=0.5,812,-0.010554014715572112,-0.11055401471557219,0.4002463054187192,-89.76985994904463,-178.64304025274126,-4.044963147346485,-63.60424939842743,0.7429196831097624,1615.8892167990919,10.0,8760,
test,mom_z_24h,0.5,trend,fwd_ret_4h,test/maker/thr=0.5,812,-0.010554014715572112,-0.07055401471557217,0.4248768472906404,-57.2898599490446,-114.0074715807775,-2.58143849552695,-50.13835718478863,0.8264784245947121,1615.8892167990919,6.000000000000001,8760,
test,mom_z_24h,1.0,trend,fwd_ret_4h,test/taker/thr=1.0,491,0.04437955154513066,-0.055620448454869416,0.45010183299389,-27.309640191340883,-54.34649396533353,-1.4417797344151189,-35.55218066533533,0.8727750983255366,977.0955732122587,10.0,8760,
test,mom_z_24h,1.0,trend,fwd_ret_4h,test/maker/thr=1.0,491,0.04437955154513066,-0.015620448454869386,0.4786150712830957,-7.669640191340868,-15.262671036843143,-0.40490946496018343,-26.289893349488803,0.9624249599227553,977.0955732122587,6.000000000000001,8760,
test,mom_z_24h,1.5,trend,fwd_ret_4h,test/taker/thr=1.5,274,0.10835597609086065,0.008355976090860574,0.4744525547445255,2.2895374488957976,4.555171420113608,0.14773490751551993,-16.749494475238247,1.0189169474963702,545.1393554244212,10.0,8760,
test,mom_z_24h,1.5,trend,fwd_ret_4h,test/maker/thr=1.5,274,0.10835597609086065,0.04835597609086062,0.48905109489051096,13.24953744889581,26.36074563709048,0.8549408923536361,-13.518262079387044,1.1148396428178429,545.1393554244212,6.000000000000001,8760,
test,mom_z_24h,2.0,trend,fwd_ret_4h,test/taker/thr=2.0,125,0.0554483280294221,-0.04455167197057799,0.416,-5.568958996322248,-11.497290287743954,-0.47443418361222317,-17.088349992280747,0.9154389352547176,258.0664154498352,10.0,8760,
test,mom_z_24h,2.0,trend,fwd_ret_4h,test/maker/thr=2.0,125,0.0554483280294221,-0.00455167197057805,0.432,-0.5689589963222562,-1.174633669750565,-0.04847110512166533,-15.413423558295424,0.9909639047790693,258.0664154498352,6.000000000000001,8760,
train,liquidation_proxy,2.0,reversal,fwd_ret_1h,train/taker/liq/ret=2.0/vol=1.0/fwd_ret_1h,67,-0.020272704666430465,-0.1202727046664305,0.5074626865671642,-8.058271212650844,-48.716417551791245,-3.153418399109638,-10.555009127225057,0.6017991068753971,405.04965517241385,10.0,35040,1.0
train,liquidation_proxy,2.0,reversal,fwd_ret_1h,train/maker/liq/ret=2.0/vol=1.0/fwd_ret_1h,67,-0.020272704666430465,-0.08027270466643048,0.5223880597014925,-5.3782712126508425,-32.51443134489468,-2.1046622718219163,-8.748100452914064,0.7160173482043313,405.04965517241385,6.000000000000001,35040,1.0
train,liquidation_proxy,2.0,reversal,fwd_ret_4h,train/taker/liq/ret=2.0/vol=1.0/fwd_ret_4h,51,-0.04263092907870584,-0.1426309290787059,0.49019607843137253,-7.274177383014001,-43.97616478586258,-2.379599945427246,-13.206511906017715,0.6868694689357717,308.32137931034487,10.0,35040,1.0
train,liquidation_proxy,2.0,reversal,fwd_ret_4h,train/maker/liq/ret=2.0/vol=1.0/fwd_ret_4h,51,-0.04263092907870584,-0.10263092907870587,0.49019607843137253,-5.234177383013999,-31.64330961344877,-1.7122552227088943,-12.053243034037454,0.7641252584744805,308.32137931034487,6.000000000000001,35040,1.0
train,liquidation_proxy,2.0,reversal,fwd_ret_1h,train/taker/liq/ret=2.0/vol=1.5/fwd_ret_1h,58,-0.010274279810950427,-0.11027427981095046,0.5172413793103449,-6.395908229035127,-38.66657347291167,-2.591476256829986,-8.223156268818189,0.6312978948501435,350.64000000000004,10.0,35040,1.5
train,liquidation_proxy,2.0,reversal,fwd_ret_1h,train/maker/liq/ret=2.0/vol=1.5/fwd_ret_1h,58,-0.010274279810950427,-0.07027427981095041,0.5344827586206896,-4.075908229035124,-24.64097347291166,-1.651465127753394,-6.740787617766564,0.749161334034249,350.64000000000004,6.000000000000001,35040,1.5
train,liquidation_proxy,2.0,reversal,fwd_ret_4h,train/taker/liq/ret=2.0/vol=1.5/fwd_ret_4h,46,-0.017474836664466625,-0.1174748366644667,0.5,-5.403842486565469,-32.66902292222959,-1.7883621325159158,-9.957226516158302,0.745509158305848,278.0937931034483,10.0,35040,1.5
train,liquidation_proxy,2.0,reversal,fwd_ret_4h,train/maker/liq/ret=2.0/vol=1.5/fwd_ret_4h,46,-0.017474836664466625,-0.07747483666446668,0.5,-3.5638424865654676,-21.545271198091648,-1.1794275952843,-8.874515482267809,0.8245617038411426,278.0937931034483,6.000000000000001,35040,1.5
train,liquidation_proxy,2.0,reversal,fwd_ret_1h,train/taker/liq/ret=2.0/vol=2.0/fwd_ret_1h,48,-0.022140126781700076,-0.12214012678170012,0.5208333333333334,-5.862726085521606,-35.44321163150511,-2.464210741143918,-8.702778859330973,0.6075214623338221,290.1848275862069,10.0,35040,2.0
train,liquidation_proxy,2.0,reversal,fwd_ret_1h,train/maker/liq/ret=2.0/vol=2.0/fwd_ret_1h,48,-0.022140126781700076,-0.08214012678170006,0.5416666666666666,-3.9427260855216026,-23.83581852805681,-1.6571997101014557,-7.304460802944246,0.7191736959903243,290.1848275862069,6.000000000000001,35040,2.0
train,liquidation_proxy,2.0,reversal,fwd_ret_4h,train/taker/liq/ret=2.0/vol=2.0/fwd_ret_4h,38,-0.05132170552150153,-0.1513217055215016,0.5263157894736842,-5.75022480981706,-34.76308322955611,-2.0021351088208124,-11.13128751453647,0.6957083395229828,229.7296551724138,10.0,35040,2.0
train,liquidation_proxy,2.0,reversal,fwd_ret_4h,train/maker/liq/ret=2.0/vol=2.0/fwd_ret_4h,38,-0.05132170552150153,-0.11132170552150156,0.5263157894736842,-4.230224809817059,-25.57389702265955,-1.4728957371336286,-10.238142105502668,0.7672770281699681,229.7296551724138,6.000000000000001,35040,2.0
train,liquidation_proxy,2.5,reversal,fwd_ret_1h,train/taker/liq/ret=2.5/vol=1.0/fwd_ret_1h,50,0.14091230440944713,0.0409123044094471,0.58,2.045615220472355,12.366802084593562,1.2111680513913115,-4.0185873588412635,1.2065572208183881,302.2758620689655,10.0,35040,1.0
train,liquidation_proxy,2.5,reversal,fwd_ret_1h,train/maker/liq/ret=2.5/vol=1.0/fwd_ret_1h,50,0.14091230440944713,0.08091230440944713,0.6,4.0456152204723566,24.457836567352196,2.395328238771654,-3.6724315667555185,1.445286717375299,302.2758620689655,6.000000000000001,35040,1.0
train,liquidation_proxy,2.5,reversal,fwd_ret_4h,train/taker/liq/ret=2.5/vol=1.0/fwd_ret_4h,42,0.15746245486464042,0.05746245486464034,0.5238095238095238,2.4134231043148944,14.590390987878873,0.910571275541866,-3.5165064706120575,1.1679381278619476,253.91172413793106,10.0,35040,1.0
train,liquidation_proxy,2.5,reversal,fwd_ret_4h,train/maker/liq/ret=2.5/vol=1.0/fwd_ret_4h,42,0.15746245486464042,0.09746245486464042,0.5238095238095238,4.093423104314898,24.746859953396132,1.544426043972367,-3.3233463878572067,1.3016322569428376,253.91172413793106,6.000000000000001,35040,1.0
train,liquidation_proxy,2.5,reversal,fwd_ret_1h,train/taker/liq/ret=2.5/vol=1.5/fwd_ret_1h,47,0.14577684664273233,0.045776846642732294,0.574468085106383,2.1515117922084177,13.00700163482689,1.305788387322733,-3.2748526852794058,1.235614386645123,284.1393103448276,10.0,35040,1.5
train,liquidation_proxy,2.5,reversal,fwd_ret_1h,train/maker/liq/ret=2.5/vol=1.5/fwd_ret_1h,47,0.14577684664273233,0.08577684664273234,0.5957446808510638,4.03151179220842,24.372574048620006,2.4467917399685155,-2.9648364524469173,1.4826117904685367,284.1393103448276,6.000000000000001,35040,1.5
train,liquidation_proxy,2.5,reversal,fwd_ret_4h,train/taker/liq/ret=2.5/vol=1.5/fwd_ret_4h,39,0.15354661979338258,0.0535466197933825,0.5128205128205128,2.0883181719419173,12.624963513960585,0.7892753422731054,-3.38793180701934,1.1468525187003262,235.77517241379311,10.0,35040,1.5
train,liquidation_proxy,2.5,reversal,fwd_ret_4h,train/maker/liq/ret=2.5/vol=1.5/fwd_ret_4h,39,0.15354661979338258,0.09354661979338258,0.5128205128205128,3.648318171941921,22.055970410512334,1.378873972639423,-3.271927736666036,1.271038565452273,235.77517241379311,6.000000000000001,35040,1.5
train,liquidation_proxy,2.5,reversal,fwd_ret_1h,train/taker/liq/ret=2.5/vol=2.0/fwd_ret_1h,40,0.15872069880543904,0.05872069880543901,0.6,2.3488279522175604,14.19987988216492,1.5896189069152662,-2.77164547960167,1.3464919559543664,241.82068965517243,10.0,35040,2.0
train,liquidation_proxy,2.5,reversal,fwd_ret_1h,train/maker/liq/ret=2.5/vol=2.0/fwd_ret_1h,40,0.15872069880543904,0.09872069880543904,0.625,3.948827952217562,23.872707468371832,2.6724526873388936,-2.4990245958195434,1.6409482718445982,241.82068965517243,6.000000000000001,35040,2.0
train,liquidation_proxy,2.5,reversal,fwd_ret_4h,train/taker/liq/ret=2.5/vol=2.0/fwd_ret_4h,34,0.15954106153698494,0.05954106153698489,0.5588235294117647,2.0243960922574864,12.238521479123534,0.814105684195806,-4.298691273624766,1.1665769681110527,205.54758620689657,10.0,35040,2.0
train,liquidation_proxy,2.5,reversal,fwd_ret_4h,train/maker/liq/ret=2.5/vol=2.0/fwd_ret_4h,34,0.15954106153698494,0.09954106153698497,0.5588235294117647,3.384396092257489,20.460424927399416,1.361026187915823,-3.8766777663609697,1.2929473178793727,205.54758620689657,6.000000000000001,35040,2.0
train,liquidation_proxy,3.0,reversal,fwd_ret_1h,train/taker/liq/ret=3.0/vol=1.0/fwd_ret_1h,40,0.11692575689229655,0.016925756892296542,0.6,0.6770302756918617,4.177998871323378,0.5854749566297678,-1.9905273111059163,1.105960301392393,246.84266103484688,10.0,35040,1.0
train,liquidation_proxy,3.0,reversal,fwd_ret_1h,train/maker/liq/ret=3.0/vol=1.0/fwd_ret_1h,40,0.11692575689229655,0.05692575689229658,0.625,2.277030275691863,14.051705312717264,1.969105739832702,-1.7157162316089325,1.3945297509884598,246.84266103484688,6.000000000000001,35040,1.0
train,liquidation_proxy,3.0,reversal,fwd_ret_4h,train/taker/liq/ret=3.0/vol=1.0/fwd_ret_4h,34,0.0933781429803173,-0.006621857019682785,0.5294117647058824,-0.2251431386692147,-1.3893732865711623,-0.09560178563547292,-4.041766216488918,0.9817013205038092,209.81626187961987,10.0,35040,1.0
train,liquidation_proxy,3.0,reversal,fwd_ret_4h,train/maker/liq/ret=3.0/vol=1.0/fwd_ret_4h,34,0.0933781429803173,0.03337814298031731,0.5294117647058824,1.1348568613307888,7.003277188613653,0.4818905120768259,-3.6186197482874882,1.0972974228633736,209.81626187961987,6.000000000000001,35040,1.0
train,liquidation_proxy,3.0,reversal,fwd_ret_1h,train/taker/liq/ret=3.0/vol=1.5/fwd_ret_1h,39,0.11007293057679918,0.010072930576799175,0.5897435897435898,0.39284429249516783,2.424268263296474,0.3411647401634118,-1.9905273111059163,1.0614830697054596,240.67159450897572,10.0,35040,1.5
train,liquidation_proxy,3.0,reversal,fwd_ret_1h,train/maker/liq/ret=3.0/vol=1.5/fwd_ret_1h,39,0.11007293057679918,0.0500729305767992,0.6153846153846154,1.9528442924951688,12.051132043655508,1.6959432231967861,-1.7157162316089325,1.3383596523341155,240.67159450897572,6.000000000000001,35040,1.5
train,liquidation_proxy,3.0,reversal,fwd_ret_4h,train/taker/liq/ret=3.0/vol=1.5/fwd_ret_4h,33,0.07880476333338941,-0.02119523666661065,0.5151515151515151,-0.6994428099981516,-4.316308111540864,-0.2979362391800663,-4.041766216488918,0.9431522546868477,203.6451953537487,10.0,35040,1.5
train,liquidation_proxy,3.0,reversal,fwd_ret_4h,train/maker/liq/ret=3.0/vol=1.5/fwd_ret_4h,33,0.07880476333338941,0.01880476333338944,0.5151515151515151,0.6205571900018515,3.829499702609102,0.2643339423072918,-3.6186197482874882,1.053203727609942,203.6451953537487,6.000000000000001,35040,1.5
train,liquidation_proxy,3.0,reversal,fwd_ret_1h,train/taker/liq/ret=3.0/vol=2.0/fwd_ret_1h,33,0.07020384421855633,-0.029796155781443668,0.5757575757575758,-0.983273140787641,-6.425175066824049,-1.0204988875873144,-2.7245547721342245,0.8203154477282164,215.63771897130076,10.0,35040,2.0
train,liquidation_proxy,3.0,reversal,fwd_ret_1h,train/maker/liq/ret=3.0/vol=2.0/fwd_ret_1h,33,0.07020384421855633,0.010203844218556354,0.6060606060606061,0.3367268592123596,2.200333692027987,0.3494750044445661,-2.099995464719806,1.0682427346611307,215.63771897130076,6.000000000000001,35040,2.0
train,liquidation_proxy,3.0,reversal,fwd_ret_4h,train/taker/liq/ret=3.0/vol=2.0/fwd_ret_4h,28,0.01504188959597284,-0.0849581104040272,0.5,-2.3788270913127616,-15.54438932720661,-1.098719238882248,-5.329231357149444,0.7971462993356636,182.96533730898247,10.0,35040,2.0
train,liquidation_proxy,3.0,reversal,fwd_ret_4h,train/maker/liq/ret=3.0/vol=2.0/fwd_ret_4h,28,0.01504188959597284,-0.04495811040402714,0.5,-1.25882709131276,-8.2257758348473,-0.5814199563736446,-4.987802386631445,0.8872706769010371,182.96533730898247,6.000000000000001,35040,2.0
val,liquidation_proxy,2.0,reversal,fwd_ret_1h,val/taker/liq/ret=2.0/vol=1.0/fwd_ret_1h,191,0.08147697102266499,-0.018523028977335074,0.518324607329843,-3.5378985346709997,-7.128246521847034,-0.3315709318833168,-18.243802293928013,0.9498472322910315,384.8315807619376,10.0,35040,1.0
val,liquidation_proxy,2.0,reversal,fwd_ret_1h,val/maker/liq/ret=2.0/vol=1.0/fwd_ret_1h,191,0.08147697102266499,0.02147697102266497,0.5497382198952879,4.102101465329009,8.265016708630489,0.3844478840220732,-15.644052065429658,1.0612481247296215,384.8315807619376,6.000000000000001,35040,1.0
val,liquidation_proxy,2.0,reversal,fwd_ret_4h,val/taker/liq/ret=2.0/vol=1.0/fwd_ret_4h,156,0.019487793674441353,-0.08051220632555874,0.4807692307692308,-12.559904186787163,-25.306009332040745,-1.0206084515576799,-20.61140248690879,0.845058516566454,314.3127047060851,10.0,35040,1.0
val,liquidation_proxy,2.0,reversal,fwd_ret_4h,val/maker/liq/ret=2.0/vol=1.0/fwd_ret_4h,156,0.019487793674441353,-0.040512206325558686,0.5064102564102564,-6.319904186787155,-12.733501143797321,-0.5135507031060951,-18.951748037308015,0.9188772127012653,314.3127047060851,6.000000000000001,35040,1.0
val,liquidation_proxy,2.0,reversal,fwd_ret_1h,val/taker/liq/ret=2.0/vol=1.5/fwd_ret_1h,162,0.049429707727560515,-0.050570292272439574,0.5123456790123457,-8.19238734813521,-16.506227085848018,-0.8183950502351778,-20.742261823710017,0.8723788689060564,326.4016548870884,10.0,35040,1.5
val,liquidation_proxy,2.0,reversal,fwd_ret_1h,val/maker/liq/ret=2.0/vol=1.5/fwd_ret_1h,162,0.049429707727560515,-0.01057029227243947,0.5493827160493827,-1.712387348135194,-3.4501608903644456,-0.17106238636509058,-18.59786619907173,0.9719949803037441,326.4016548870884,6.000000000000001,35040,1.5
val,liquidation_proxy,2.0,reversal,fwd_ret_4h,val/taker/liq/ret=2.0/vol=1.5/fwd_ret_4h,137,0.017550994016655115,-0.08244900598334497,0.48905109489051096,-11.295513819718261,-22.758483972568012,-0.9232029284423615,-19.909569328017497,0.8503621827749488,276.0310291329081,10.0,35040,1.5
val,liquidation_proxy,2.0,reversal,fwd_ret_4h,val/maker/liq/ret=2.0/vol=1.5/fwd_ret_4h,137,0.017550994016655115,-0.04244900598334499,0.5109489051094891,-5.815513819718262,-11.717242807251688,-0.4753125421694928,-17.701212106431075,0.9200552383689172,276.0310291329081,6.000000000000001,35040,1.5
val,liquidation_proxy,2.0,reversal,fwd_ret_1h,val/taker/liq/ret=2.0/vol=2.0/fwd_ret_1h,122,0.01667094273425119,-0.08332905726574888,0.4918032786885246,-10.166144986421363,-20.49477995767715,-1.1132347273410361,-16.49503702259566,0.8035059354091626,245.94997987696198,10.0,35040,2.0
val,liquidation_proxy,2.0,reversal,fwd_ret_1h,val/maker/liq/ret=2.0/vol=2.0/fwd_ret_1h,122,0.01667094273425119,-0.04332905726574887,0.5327868852459017,-5.2861449864213625,-10.656780762598668,-0.5788546376727881,-14.739944102793512,0.892865404511477,245.94997987696198,6.000000000000001,35040,2.0
val,liquidation_proxy,2.0,reversal,fwd_ret_4h,val/taker/liq/ret=2.0/vol=2.0/fwd_ret_4h,105,-0.13417161854164136,-0.23417161854164145,0.45714285714285713,-24.588019946872354,-49.569041074980284,-2.3154239980755498,-20.953126751163854,0.6333204524901463,211.67826136951646,10.0,35040,2.0
val,liquidation_proxy,2.0,reversal,fwd_ret_4h,val/maker/liq/ret=2.0/vol=2.0/fwd_ret_4h,105,-0.13417161854164136,-0.19417161854164142,0.4857142857142857,-20.388019946872348,-41.101910620199625,-1.9199150952468642,-17.595420751222267,0.6855367188624617,211.67826136951646,6.000000000000001,35040,2.0
val,liquidation_proxy,2.5,reversal,fwd_ret_1h,val/taker/liq/ret=2.5/vol=1.0/fwd_ret_1h,141,0.10663510602638696,0.006635106026386896,0.524822695035461,0.9355499497205523,1.8860532074398577,0.09157140732170926,-13.797626712476207,1.0164233013586041,284.2536652676364,10.0,35040,1.0
val,liquidation_proxy,2.5,reversal,fwd_ret_1h,val/maker/liq/ret=2.5/vol=1.0/fwd_ret_1h,141,0.10663510602638696,0.04663510602638692,0.5531914893617021,6.575549949720556,13.25619981814532,0.643613270451206,-11.768406966158885,1.1209533295383167,284.2536652676364,6.000000000000001,35040,1.0
val,liquidation_proxy,2.5,reversal,fwd_ret_4h,val/taker/liq/ret=2.5/vol=1.0/fwd_ret_4h,118,0.06740130480020794,-0.03259869519979215,0.5084745762711864,-3.8466460335754737,-7.754774709440028,-0.3276442624903696,-15.863290959780185,0.9408813053223192,237.8860461105042,10.0,35040,1.0
val,liquidation_proxy,2.5,reversal,fwd_ret_4h,val/maker/liq/ret=2.5/vol=1.0/fwd_ret_4h,118,0.06740130480020794,0.007401304800207814,0.5338983050847458,0.873353966424522,1.7606671349801322,0.07438932870987988,-14.84756830400552,1.013905899952617,237.8860461105042,6.000000000000001,35040,1.0
val,liquidation_proxy,2.5,reversal,fwd_ret_1h,val/taker/liq/ret=2.5/vol=1.5/fwd_ret_1h,124,0.0543918663385223,-0.04560813366147779,0.5161290322580645,-5.655408574023246,-11.401210040795211,-0.5847659125811,-17.63046297671459,0.8969428555611354,249.98194676019085,10.0,35040,1.5
val,liquidation_proxy,2.5,reversal,fwd_ret_1h,val/maker/liq/ret=2.5/vol=1.5/fwd_ret_1h,124,0.0543918663385223,-0.005608133661477788,0.5483870967741935,-0.6954085740232457,-1.4019321703875747,-0.07190483659717867,-15.960825001997792,0.9867682358644696,249.98194676019085,6.000000000000001,35040,1.5
val,liquidation_proxy,2.5,reversal,fwd_ret_4h,val/taker/liq/ret=2.5/vol=1.5/fwd_ret_4h,106,0.046912738519582386,-0.0530872614804177,0.5094339622641509,-5.627249716924276,-11.3444422511489,-0.48661509040196027,-15.74678890669874,0.9100294629845005,213.6942448111309,10.0,35040,1.5
val,liquidation_proxy,2.5,reversal,fwd_ret_4h,val/maker/liq/ret=2.5/vol=1.5/fwd_ret_4h,106,0.046912738519582386,-0.013087261480417714,0.5283018867924528,-1.3872497169242777,-2.796672458703666,-0.11996209167347412,-14.147845564663363,0.9770698114147743,213.6942448111309,6.000000000000001,35040,1.5
val,liquidation_proxy,2.5,reversal,fwd_ret_1h,val/taker/liq/ret=2.5/vol=2.0/fwd_ret_1h,100,0.02751695112258723,-0.07248304887741286,0.51,-7.248304887741286,-14.612462633459463,-0.8103430781427549,-13.58287689419484,0.8416956202363441,201.59834416144423,10.0,35040,2.0
val,liquidation_proxy,2.5,reversal,fwd_ret_1h,val/maker/liq/ret=2.5/vol=2.0/fwd_ret_1h,100,0.02751695112258723,-0.032483048877412865,0.55,-3.2483048877412863,-6.548528867001694,-0.36315268497193254,-12.153950909032151,0.9260180219245641,201.59834416144423,6.000000000000001,35040,2.0
val,liquidation_proxy,2.5,reversal,fwd_ret_4h,val/taker/liq/ret=2.5/vol=2.0/fwd_ret_4h,88,-0.10867332411875459,-0.2086733241187547,0.48863636363636365,-18.363252522450413,-37.020013019444676,-1.8185731347163197,-15.876270693639993,0.6850068270208828,177.40654286207092,10.0,35040,2.0
val,liquidation_proxy,2.5,reversal,fwd_ret_4h,val/maker/liq/ret=2.5/vol=2.0/fwd_ret_4h,88,-0.10867332411875459,-0.1686733241187547,0.5113636363636364,-14.843252522450415,-29.923751304961844,-1.469975987975823,-13.141100561473728,0.7374300834105939,177.40654286207092,6.000000000000001,35040,2.0
val,liquidation_proxy,3.0,reversal,fwd_ret_1h,val/taker/liq/ret=3.0/vol=1.0/fwd_ret_1h,99,0.09680447843594009,-0.0031955215640599994,0.5151515151515151,-0.31635663484194,-0.6377697374862176,-0.03481975888952036,-15.017476894712445,0.9929157583214127,199.5823607198298,10.0,35040,1.0
val,liquidation_proxy,3.0,reversal,fwd_ret_1h,val/maker/liq/ret=3.0/vol=1.0/fwd_ret_1h,99,0.09680447843594009,0.03680447843594,0.5353535353535354,3.6436433651580598,7.3455246913069745,0.40103721395820324,-13.750382180486675,1.0851847736824811,199.5823607198298,6.000000000000001,35040,1.0
val,liquidation_proxy,3.0,reversal,fwd_ret_4h,val/taker/liq/ret=3.0/vol=1.0/fwd_ret_4h,88,0.14567266840760476,0.04567266840760467,0.5227272727272727,4.019194819869211,8.10263020547887,0.3589072895113683,-13.445230005357867,1.0775844436852733,177.40654286207092,10.0,35040,1.0
val,liquidation_proxy,3.0,reversal,fwd_ret_4h,val/maker/liq/ret=3.0/vol=1.0/fwd_ret_4h,88,0.14567266840760476,0.08567266840760467,0.5340909090909091,7.539194819869211,15.198891919961707,0.6732373271682955,-12.400315819245622,1.1503861912871285,177.40654286207092,6.000000000000001,35040,1.0
val,liquidation_proxy,3.0,reversal,fwd_ret_1h,val/taker/liq/ret=3.0/vol=1.5/fwd_ret_1h,93,0.05706233941006179,-0.0429376605899383,0.4946236559139785,-3.9932024348642625,-8.050229987700828,-0.4446046106458184,-15.785045430078682,0.910382620537226,187.48646007014315,10.0,35040,1.5
val,liquidation_proxy,3.0,reversal,fwd_ret_1h,val/maker/liq/ret=3.0/vol=1.5/fwd_ret_1h,93,0.05706233941006179,-0.002937660589938321,0.5161290322580645,-0.2732024348642639,-0.5507715848951042,-0.03041845840816846,-14.597744351067632,0.9936041192395507,187.48646007014315,6.000000000000001,35040,1.5
val,liquidation_proxy,3.0,reversal,fwd_ret_4h,val/taker/liq/ret=3.0/vol=1.5/fwd_ret_4h,84,0.12322400063620492,0.02322400063620484,0.5119047619047619,1.9508160534412067,3.9328128613731077,0.17633790011858286,-13.016866174646225,1.038277394848651,169.34260909561317,10.0,35040,1.5
val,liquidation_proxy,3.0,reversal,fwd_ret_4h,val/maker/liq/ret=3.0/vol=1.5/fwd_ret_4h,84,0.12322400063620492,0.06322400063620483,0.5238095238095238,5.310816053441206,10.706517225197633,0.48005456441057826,-12.037179068985026,1.1076517047302743,169.34260909561317,6.000000000000001,35040,1.5
val,liquidation_proxy,3.0,reversal,fwd_ret_1h,val/taker/liq/ret=3.0/vol=2.0/fwd_ret_1h,77,0.04018018755128335,-0.05981981244871673,0.4935064935064935,-4.606125558551188,-9.28587285603627,-0.5519312056864819,-12.631539208399523,0.8775833155134385,155.23072500431206,10.0,35040,2.0
val,liquidation_proxy,3.0,reversal,fwd_ret_1h,val/maker/liq/ret=3.0/vol=2.0/fwd_ret_1h,77,0.04018018755128335,-0.019819812448716705,0.5194805194805194,-1.5261255585511861,-3.0766438558637836,-0.18286872749188673,-11.57680191193874,0.9577293167063646,155.23072500431206,6.000000000000001,35040,2.0
val,liquidation_proxy,3.0,reversal,fwd_ret_4h,val/taker/liq/ret=3.0/vol=2.0/fwd_ret_4h,71,-0.05991870696997752,-0.15991870696997762,0.49295774647887325,-11.35422819486841,-22.889936033166556,-1.1902454287906614,-11.189851730699353,0.76228086404666,143.1348243546254,10.0,35040,2.0
val,liquidation_proxy,3.0,reversal,fwd_ret_4h,val/maker/liq/ret=3.0/vol=2.0/fwd_ret_4h,71,-0.05991870696997752,-0.11991870696997757,0.5070422535211268,-8.514228194868407,-17.164543058981536,-0.8925328093373004,-9.067547805224086,0.816231621537479,143.1348243546254,6.000000000000001,35040,2.0
test,liquidation_proxy,2.0,reversal,fwd_ret_1h,test/taker/liq/ret=2.0/vol=1.0/fwd_ret_1h,206,-0.050945584205467256,-0.15094558420546733,0.39805825242718446,-31.094790346326274,-61.88952311424105,-3.5330345984908766,-29.509883635785673,0.6201238069054976,410.012147357666,10.0,35040,1.0
test,liquidation_proxy,2.0,reversal,fwd_ret_1h,test/maker/liq/ret=2.0/vol=1.0/fwd_ret_1h,206,-0.050945584205467256,-0.11094558420546725,0.4563106796116505,-22.854790346326258,-45.48903721993438,-2.596794001036443,-25.082029943163864,0.7035035077796273,410.012147357666,6.000000000000001,35040,1.0
test,liquidation_proxy,2.0,reversal,fwd_ret_4h,test/taker/liq/ret=2.0/vol=1.0/fwd_ret_4h,166,-0.09258499358129592,-0.19258499358129602,0.43373493975903615,-31.96910893449514,-63.62972331720144,-2.8751010451990826,-34.95801525479223,0.6627520089398462,330.3981381620027,10.0,35040,1.0
test,liquidation_proxy,2.0,reversal,fwd_ret_4h,test/maker/liq/ret=2.0/vol=1.0/fwd_ret_4h,166,-0.09258499358129592,-0.15258499358129599,0.45180722891566266,-25.32910893449513,-50.41379779072132,-2.2779411124890783,-31.62324138643273,0.7218947655158153,330.3981381620027,6.000000000000001,35040,1.0
test,liquidation_proxy,2.0,reversal,fwd_ret_1h,test/taker/liq/ret=2.0/vol=1.5/fwd_ret_1h,176,-0.009308160113014557,-0.10930816011301464,0.4147727272727273,-19.238236179890574,-38.290827803353764,-2.3542404781830184,-23.98361902975926,0.7141275599651407,350.30164046091846,10.0,35040,1.5
test,liquidation_proxy,2.0,reversal,fwd_ret_1h,test/maker/liq/ret=2.0/vol=1.5/fwd_ret_1h,176,-0.009308160113014557,-0.06930816011301456,0.4659090909090909,-12.198236179890564,-24.278762184917003,-1.492734630587028,-20.35188945675115,0.8072233491564947,350.30164046091846,6.000000000000001,35040,1.5
test,liquidation_proxy,2.0,reversal,fwd_ret_4h,test/taker/liq/ret=2.0/vol=1.5/fwd_ret_4h,151,-0.06605868258571589,-0.16605868258571596,0.4370860927152318,-25.07486107044311,-49.907755496055934,-2.3236049684706934,-30.421681132138435,0.707254165666569,300.54288471362895,10.0,35040,1.5
test,liquidation_proxy,2.0,reversal,fwd_ret_4h,test/maker/liq/ret=2.0/vol=1.5/fwd_ret_4h,151,-0.06605868258571589,-0.1260586825857159,0.45695364238410596,-19.034861070443103,-37.88604010751076,-1.7638980185444102,-27.39202857099118,0.7687063829919989,300.54288471362895,6.000000000000001,35040,1.5
test,liquidation_proxy,2.0,reversal,fwd_ret_1h,test/taker/liq/ret=2.0/vol=2.0/fwd_ret_1h,138,-0.019458822205670752,-0.11945882220567082,0.391304347826087,-16.48531746438257,-32.959355204191496,-2.0108108329938243,-15.509194979646724,0.7040027653773452,275.9055764625385,10.0,35040,2.0
test,liquidation_proxy,2.0,reversal,fwd_ret_1h,test/maker/liq/ret=2.0/vol=2.0/fwd_ret_1h,138,-0.019458822205670752,-0.07945882220567074,0.43478260869565216,-10.965317464382563,-21.92313214568994,-1.3375040664054718,-11.885005939066318,0.7907863856127743,275.9055764625385,6.000000000000001,35040,2.0
test,liquidation_proxy,2.0,reversal,fwd_ret_4h,test/taker/liq/ret=2.0/vol=2.0/fwd_ret_4h,119,-0.08385339830259074,-0.18385339830259084,0.4369747899159664,-21.87855439800831,-43.77208897704915,-2.15644782012454,-23.494047740540978,0.6931277284160937,238.08147894556657,10.0,35040,2.0
test,liquidation_proxy,2.0,reversal,fwd_ret_4h,test/maker/liq/ret=2.0/vol=2.0/fwd_ret_4h,119,-0.08385339830259074,-0.1438533983025908,0.453781512605042,-17.118554398008307,-34.24882981922648,-1.6872810078635228,-20.65792681612235,0.7505586131605648,238.08147894556657,6.000000000000001,35040,2.0
test,liquidation_proxy,2.5,reversal,fwd_ret_1h,test/taker/liq/ret=2.5/vol=1.0/fwd_ret_1h,142,-0.08003153034665154,-0.18003153034665162,0.3732394366197183,-25.564477309224532,-50.88226328947319,-3.189744449730081,-23.663301772436306,0.588011592391372,282.6297326446047,10.0,35040,1.0
test,liquidation_proxy,2.5,reversal,fwd_ret_1h,test/maker/liq/ret=2.5/vol=1.0/fwd_ret_1h,142,-0.08003153034665154,-0.14003153034665156,0.43661971830985913,-19.88447730922452,-39.57707398368897,-2.481036493165313,-20.315501295897665,0.6608539574146125,282.6297326446047,6.000000000000001,35040,1.0
test,liquidation_proxy,2.5,reversal,fwd_ret_4h,test/taker/liq/ret=2.5/vol=1.0/fwd_ret_4h,126,-0.12405643464808304,-0.22405643464808314,0.4365079365079365,-28.231110765658475,-56.18979780252307,-2.76989348786556,-27.60642949009545,0.6313647358780087,250.78412896633938,10.0,35040,1.0
test,liquidation_proxy,2.5,reversal,fwd_ret_4h,test/maker/liq/ret=2.5/vol=1.0/fwd_ret_4h,126,-0.12405643464808304,-0.18405643464808308,0.4523809523809524,-23.19111076565847,-46.15843264386948,-2.2753942350829064,-23.986003307484815,0.6856579575090027,250.78412896633938,6.000000000000001,35040,1.0
test,liquidation_proxy,2.5,reversal,fwd_ret_1h,test/taker/liq/ret=2.5/vol=1.5/fwd_ret_1h,132,-0.05284749243828137,-0.15284749243828147,0.38636363636363635,-20.17586900185315,-40.15704550610087,-2.615031093852457,-22.04872706761789,0.648654377262823,262.72623034568886,10.0,35040,1.5
test,liquidation_proxy,2.5,reversal,fwd_ret_1h,test/maker/liq/ret=2.5/vol=1.5/fwd_ret_1h,132,-0.05284749243828137,-0.11284749243828139,0.4393939393939394,-14.895869001853143,-29.647996292273298,-1.930680686230719,-19.37392704207579,0.7255527049245358,262.72623034568886,6.000000000000001,35040,1.5
test,liquidation_proxy,2.5,reversal,fwd_ret_4h,test/taker/liq/ret=2.5/vol=1.5/fwd_ret_4h,118,-0.1313932284460952,-0.23139322844609525,0.423728813559322,-27.304400956639242,-54.34532072109886,-2.750606671260566,-26.93243299879341,0.6226405555247848,234.86132712720672,10.0,35040,1.5
test,liquidation_proxy,2.5,reversal,fwd_ret_4h,test/maker/liq/ret=2.5/vol=1.5/fwd_ret_4h,118,-0.1313932284460952,-0.1913932284460952,0.4406779661016949,-22.584400956639232,-44.95086763601057,-2.2751205579058973,-24.778732021741277,0.6758392823310546,234.86132712720672,6.000000000000001,35040,1.5
test,liquidation_proxy,2.5,reversal,fwd_ret_1h,test/taker/liq/ret=2.5/vol=2.0/fwd_ret_1h,106,-0.05527827526038692,-0.155278275260387,0.36792452830188677,-16.459497177601023,-32.90773229760532,-2.0645462017583154,-15.315686035768527,0.6651541918344789,211.92747177557303,10.0,35040,2.0
test,liquidation_proxy,2.5,reversal,fwd_ret_1h,test/maker/liq/ret=2.5/vol=2.0/fwd_ret_1h,106,-0.05527827526038692,-0.11527827526038703,0.41509433962264153,-12.219497177601026,-24.43063342658241,-1.5327148948233906,-11.718516186892568,0.7374725275514332,211.92747177557303,6.000000000000001,35040,2.0
test,liquidation_proxy,2.5,reversal,fwd_ret_4h,test/taker/liq/ret=2.5/vol=2.0/fwd_ret_4h,95,-0.13551310365525862,-0.23551310365525874,0.42105263157894735,-22.373744847249576,-44.76280893095739,-2.3445397186618857,-22.326328899898883,0.6402738281498399,190.06504621704894,10.0,35040,2.0
test,liquidation_proxy,2.5,reversal,fwd_ret_4h,test/maker/liq/ret=2.5/vol=2.0/fwd_ret_4h,95,-0.13551310365525862,-0.19551310365525856,0.43157894736842106,-18.573744847249564,-37.160207082275406,-1.9463385685307566,-19.414692269906208,0.6904344614654438,190.06504621704894,6.000000000000001,35040,2.0
test,liquidation_proxy,3.0,reversal,fwd_ret_1h,test/taker/liq/ret=3.0/vol=1.0/fwd_ret_1h,106,-0.08658384044710461,-0.18658384044710472,0.41509433962264153,-19.777887087393097,-39.5422415801318,-2.670662432878552,-20.969228126670746,0.6019970787049228,211.92747177557303,10.0,35040,1.0
test,liquidation_proxy,3.0,reversal,fwd_ret_1h,test/maker/liq/ret=3.0/vol=1.0/fwd_ret_1h,106,-0.08658384044710461,-0.14658384044710465,0.46226415094339623,-15.537887087393093,-31.065142709108866,-2.0981235835379155,-18.3013650205318,0.6714171304680233,211.92747177557303,6.000000000000001,35040,1.0
test,liquidation_proxy,3.0,reversal,fwd_ret_4h,test/taker/liq/ret=3.0/vol=1.0/fwd_ret_4h,94,-0.17271980471491777,-0.27271980471491786,0.39361702127659576,-25.63566164320228,-51.25378263526312,-2.8582903140542415,-25.49484335018476,0.5667452357362258,187.93568251796097,10.0,35040,1.0
test,liquidation_proxy,3.0,reversal,fwd_ret_4h,test/maker/liq/ret=3.0/vol=1.0/fwd_ret_4h,94,-0.17271980471491777,-0.23271980471491777,0.4148936170212766,-21.87566164320227,-43.73635533454466,-2.439062921743352,-23.041344217124195,0.6157030525925047,187.93568251796097,6.000000000000001,35040,1.0
test,liquidation_proxy,3.0,reversal,fwd_ret_1h,test/taker/liq/ret=3.0/vol=1.5/fwd_ret_1h,101,-0.03447984949479081,-0.1344798494947909,0.43564356435643564,-13.58246479897388,-27.155636087992935,-1.9012173414004558,-19.185304472342935,0.7034045058806524,201.93089291823466,10.0,35040,1.5
test,liquidation_proxy,3.0,reversal,fwd_ret_1h,test/maker/liq/ret=3.0/vol=1.5/fwd_ret_1h,101,-0.03447984949479081,-0.09447984949479085,0.4752475247524752,-9.542464798973876,-19.07840037126354,-1.3357148223114224,-16.590782542401016,0.7809104155044462,201.93089291823466,6.000000000000001,35040,1.5
test,liquidation_proxy,3.0,reversal,fwd_ret_4h,test/taker/liq/ret=3.0/vol=1.5/fwd_ret_4h,90,-0.15202983602721826,-0.25202983602721835,0.3888888888888889,-22.68268524244965,-45.34985034446656,-2.579338878001135,-24.612811875976814,0.592228010664072,179.93841943209028,10.0,35040,1.5
test,liquidation_proxy,3.0,reversal,fwd_ret_4h,test/maker/liq/ret=3.0/vol=1.5/fwd_ret_4h,90,-0.15202983602721826,-0.2120298360272183,0.4111111111111111,-19.08268524244965,-38.15231356718294,-2.169968476677289,-22.316930195593564,0.6430461149845034,179.93841943209028,6.000000000000001,35040,1.5
test,liquidation_proxy,3.0,reversal,fwd_ret_1h,test/taker/liq/ret=3.0/vol=2.0/fwd_ret_1h,85,-0.007657700188976733,-0.1076577001889768,0.4235294117647059,-9.150904516063028,-18.29554772215954,-1.2049398676209913,-10.877744358115493,0.7691404102637326,169.94184057475195,10.0,35040,2.0
test,liquidation_proxy,3.0,reversal,fwd_ret_1h,test/maker/liq/ret=3.0/vol=2.0/fwd_ret_1h,85,-0.007657700188976733,-0.0676577001889768,0.4470588235294118,-5.750904516063028,-11.497874099169461,-0.7572469053875784,-8.420349945331084,0.8474469214384102,169.94184057475195,6.000000000000001,35040,2.0
test,liquidation_proxy,3.0,reversal,fwd_ret_4h,test/taker/liq/ret=3.0/vol=2.0/fwd_ret_4h,76,-0.14604570607623188,-0.24604570607623197,0.3815789473684211,-18.699473661793633,-37.38615261016831,-2.135924106005349,-20.009289370993166,0.6298018049869616,151.94799863154293,10.0,35040,2.0
test,liquidation_proxy,3.0,reversal,fwd_ret_4h,test/maker/liq/ret=3.0/vol=2.0/fwd_ret_4h,76,-0.14604570607623188,-0.2060457060762319,0.39473684210526316,-15.659473661793626,-31.308232664906583,-1.7886838895321413,-18.066289581517857,0.6780195257785533,151.94799863154293,6.000000000000001,35040,2.0
train,seasonality,21.0,hour_selection,fwd_ret_1h,train/taker/seasonality/best=21/worst=6,730,0.04470088313142289,-0.055299116868577136,0.3547945205479452,-40.36835531406131,-40.43755030088692,-3.3679461998452767,-33.2111134312423,0.652187145528446,731.2512855673638,10.0,8760,6.0
train,seasonality,21.0,hour_selection,fwd_ret_1h,train/maker/seasonality/best=21/worst=6,730,0.04470088313142289,-0.015299116868577102,0.41643835616438357,-11.168355314061284,-11.187498878192347,-0.9317798445311558,-12.213187661688774,0.8860485937773598,731.2512855673638,6.000000000000001,8760,6.0
val,seasonality,21.0,hour_selection,fwd_ret_1h,val/taker/seasonality/best=21/worst=6,364,0.043369596732503644,-0.056630403267496396,0.40384615384615385,-20.613466789368687,-41.45392288956318,-2.74384574893143,-20.0116746400946,0.7302765624366261,732.0082587749484,10.0,8760,6.0
val,seasonality,21.0,hour_selection,fwd_ret_1h,val/maker/seasonality/best=21/worst=6,364,0.043369596732503644,-0.016630403267496367,0.45879120879120877,-6.053466789368677,-12.173592538565229,-0.8057732008898795,-14.566820930735325,0.9112178869037432,732.0082587749484,6.000000000000001,8760,6.0
test,seasonality,21.0,hour_selection,fwd_ret_1h,test/taker/seasonality/best=21/worst=6,368,0.018047930346654084,-0.08195206965334594,0.3967391304347826,-30.15836163243131,-59.988245534352814,-4.560706803408244,-29.8984579191502,0.6163273119125466,731.9918311776719,10.0,8760,6.0
test,seasonality,21.0,hour_selection,fwd_ret_1h,test/maker/seasonality/best=21/worst=6,368,0.018047930346654084,-0.0419520696533459,0.44565217391304346,-15.438361632431292,-30.708572287245907,-2.334670622650462,-20.770809954506177,0.7797954824384677,731.9918311776719,6.000000000000001,8760,6.0
