time,price,equity,n_open
2024-12-31 10:40:00+00:00,94083.3,10000.0,0
2024-12-31 10:41:00+00:00,94119.9,10000.0,0
2024-12-31 10:42:00+00:00,94110.6,10000.0,0
2024-12-31 10:43:00+00:00,94146.0,10000.0,0
2024-12-31 10:44:00+00:00,94158.2,10000.0,0
2024-12-31 10:45:00+00:00,94193.0,10000.0,0
2024-12-31 10:46:00+00:00,94190.7,10000.0,0
2024-12-31 10:47:00+00:00,94177.2,10000.0,0
2024-12-31 10:48:00+00:00,94144.7,10000.0,0
2024-12-31 10:49:00+00:00,94120.0,10000.0,0
2024-12-31 10:50:00+00:00,94187.9,10000.0,0
2024-12-31 10:51:00+00:00,94145.4,10000.0,0
2024-12-31 10:52:00+00:00,94206.8,10000.0,0
2024-12-31 10:53:00+00:00,94216.7,10000.0,0
2024-12-31 10:54:00+00:00,94173.3,10000.0,0
2024-12-31 10:55:00+00:00,94150.0,10000.0,0
2024-12-31 10:56:00+00:00,94170.1,10000.0,0
2024-12-31 10:57:00+00:00,94086.8,10000.0,0
2024-12-31 10:58:00+00:00,94125.9,10000.0,0
2024-12-31 10:59:00+00:00,94083.2,10000.0,0
2024-12-31 11:00:00+00:00,94140.6,10000.0,0
2024-12-31 11:01:00+00:00,94095.7,10000.0,0
2024-12-31 11:02:00+00:00,94090.0,10000.0,0
2024-12-31 11:03:00+00:00,94136.8,10000.0,0
2024-12-31 11:04:00+00:00,94131.6,10000.0,0
2024-12-31 11:05:00+00:00,94164.2,10000.0,0
2024-12-31 11:06:00+00:00,94246.9,10000.0,0
2024-12-31 11:07:00+00:00,94210.9,10000.0,0
2024-12-31 11:08:00+00:00,94220.3,10000.0,0
2024-12-31 11:09:00+00:00,94183.3,10000.0,0
2024-12-31 11:10:00+00:00,94134.5,10000.0,0
2024-12-31 11:11:00+00:00,94184.9,10000.0,0
2024-12-31 11:12:00+00:00,94122.3,10000.0,0
2024-12-31 11:13:00+00:00,94092.2,10000.0,0
2024-12-31 11:14:00+00:00,94083.6,10000.0,0
2024-12-31 11:15:00+00:00,94080.1,10000.0,0
2024-12-31 11:16:00+00:00,94095.3,10000.0,0
2024-12-31 11:17:00+00:00,94072.9,10000.0,0
2024-12-31 11:18:00+00:00,94045.0,10000.0,0
2024-12-31 11:19:00+00:00,94022.4,10000.0,0
2024-12-31 11:20:00+00:00,94028.3,10000.0,0
2024-12-31 11:21:00+00:00,94051.8,10000.0,0
2024-12-31 11:22:00+00:00,94013.3,10000.0,0
2024-12-31 11:23:00+00:00,94054.0,10000.0,0
2024-12-31 11:24:00+00:00,94036.8,10000.0,0
2024-12-31 11:25:00+00:00,93988.9,10000.0,0
2024-12-31 11:26:00+00:00,94001.1,10000.0,0
2024-12-31 11:27:00+00:00,94044.7,10000.0,0
2024-12-31 11:28:00+00:00,94048.0,10000.0,0
2024-12-31 11:29:00+00:00,94053.6,10000.0,0
2024-12-31 11:30:00+00:00,94097.5,10000.0,0
2024-12-31 11:31:00+00:00,94086.9,10000.0,0
2024-12-31 11:32:00+00:00,94019.7,10000.0,0
2024-12-31 11:33:00+00:00,94035.2,10000.0,0
2024-12-31 11:34:00+00:00,93993.0,10000.0,0
2024-12-31 11:35:00+00:00,94050.9,10000.0,0
2024-12-31 11:36:00+00:00,94035.2,10000.0,0
2024-12-31 11:37:00+00:00,94086.8,10000.0,0
2024-12-31 11:38:00+00:00,94104.1,10000.0,0
2024-12-31 11:39:00+00:00,94134.0,10000.0,0
2024-12-31 11:40:00+00:00,94195.0,10000.0,0
2024-12-31 11:41:00+00:00,94218.8,10000.0,0
2024-12-31 11:42:00+00:00,94239.1,10000.0,0
2024-12-31 11:43:00+00:00,94183.4,10000.0,0
2024-12-31 11:44:00+00:00,94176.3,10000.0,0
2024-12-31 11:45:00+00:00,94248.6,10000.0,0
2024-12-31 11:46:00+00:00,94176.3,10000.0,0
2024-12-31 11:47:00+00:00,94182.0,10000.0,0
2024-12-31 11:48:00+00:00,94217.8,10000.0,0
2024-12-31 11:49:00+00:00,94220.0,10000.0,0
2024-12-31 11:50:00+00:00,94185.8,10000.0,0
2024-12-31 11:51:00+00:00,94188.6,10000.0,0
2024-12-31 11:52:00+00:00,94170.0,10000.0,0
2024-12-31 11:53:00+00:00,94194.9,10000.0,0
2024-12-31 11:54:00+00:00,94228.8,10000.0,0
2024-12-31 11:55:00+00:00,94214.0,10000.0,0
2024-12-31 11:56:00+00:00,94207.3,10000.0,0
2024-12-31 11:57:00+00:00,94215.8,10000.0,0
2024-12-31 11:58:00+00:00,94198.9,10000.0,0
2024-12-31 11:59:00+00:00,94202.5,10000.0,0
2024-12-31 12:00:00+00:00,94303.7,10000.0,0
2024-12-31 12:01:00+00:00,94385.4,10000.0,0
2024-12-31 12:02:00+00:00,94423.0,10000.0,0
2024-12-31 12:03:00+00:00,94426.3,10000.0,0
2024-12-31 12:04:00+00:00,94470.1,10000.0,0
2024-12-31 12:05:00+00:00,94450.3,10000.0,0
2024-12-31 12:06:00+00:00,94544.7,10000.0,0
2024-12-31 12:07:00+00:00,94544.8,10000.0,0
2024-12-31 12:08:00+00:00,94544.6,10000.0,0
2024-12-31 12:09:00+00:00,94540.5,10000.0,0
2024-12-31 12:10:00+00:00,94549.8,10000.0,0
2024-12-31 12:11:00+00:00,94506.6,10000.0,0
2024-12-31 12:12:00+00:00,94417.1,10000.0,0
2024-12-31 12:13:00+00:00,94401.0,10000.0,0
2024-12-31 12:14:00+00:00,94364.3,10000.0,0
2024-12-31 12:15:00+00:00,94446.5,10000.0,0
2024-12-31 12:16:00+00:00,94436.8,10000.0,0
2024-12-31 12:17:00+00:00,94436.2,10000.0,0
2024-12-31 12:18:00+00:00,94443.6,10000.0,0
2024-12-31 12:19:00+00:00,94379.8,10000.0,0
2024-12-31 12:20:00+00:00,94462.3,10000.0,0
2024-12-31 12:21:00+00:00,94473.6,10000.0,0
2024-12-31 12:22:00+00:00,94579.7,10000.0,0
2024-12-31 12:23:00+00:00,94622.6,10000.0,0
2024-12-31 12:24:00+00:00,94637.0,10000.0,0
2024-12-31 12:25:00+00:00,94596.3,10000.0,0
2024-12-31 12:26:00+00:00,94661.0,10000.0,0
2024-12-31 12:27:00+00:00,94758.3,10000.0,0
2024-12-31 12:28:00+00:00,94726.5,10000.0,0
2024-12-31 12:29:00+00:00,94758.6,10000.0,0
2024-12-31 12:30:00+00:00,94847.5,10000.0,0
2024-12-31 12:31:00+00:00,94877.7,10000.0,0
2024-12-31 12:32:00+00:00,94907.6,10000.0,0
2024-12-31 12:33:00+00:00,94873.0,10000.0,0
2024-12-31 12:34:00+00:00,94846.9,10000.0,0
2024-12-31 12:35:00+00:00,94650.7,10000.0,0
2024-12-31 12:36:00+00:00,94698.1,10000.0,0
2024-12-31 12:37:00+00:00,94703.6,10000.0,0
2024-12-31 12:38:00+00:00,94706.2,10000.0,0
2024-12-31 12:39:00+00:00,94691.1,10000.0,0
2024-12-31 12:40:00+00:00,94736.2,10000.0,0
2024-12-31 12:41:00+00:00,94730.7,10000.0,0
2024-12-31 12:42:00+00:00,94682.9,10000.0,0
2024-12-31 12:43:00+00:00,94624.0,10000.0,0
2024-12-31 12:44:00+00:00,94643.7,10000.0,0
2024-12-31 12:45:00+00:00,94652.6,10000.0,0
2024-12-31 12:46:00+00:00,94668.1,10000.0,0
2024-12-31 12:47:00+00:00,94667.4,10000.0,0
2024-12-31 12:48:00+00:00,94669.3,10000.0,0
2024-12-31 12:49:00+00:00,94634.3,10000.0,0
2024-12-31 12:50:00+00:00,94610.8,10000.0,0
2024-12-31 12:51:00+00:00,94609.9,10000.0,0
2024-12-31 12:52:00+00:00,94629.8,10000.0,0
2024-12-31 12:53:00+00:00,94549.2,10000.0,0
2024-12-31 12:54:00+00:00,94558.5,10000.0,0
2024-12-31 12:55:00+00:00,94500.1,10000.0,0
2024-12-31 12:56:00+00:00,94554.7,10000.0,0
2024-12-31 12:57:00+00:00,94500.0,10000.0,0
2024-12-31 12:58:00+00:00,94523.3,10000.0,0
2024-12-31 12:59:00+00:00,94511.4,10000.0,0
2024-12-31 13:00:00+00:00,94556.2,10000.0,0
2024-12-31 13:01:00+00:00,94528.4,10000.0,0
2024-12-31 13:02:00+00:00,94562.1,10000.0,0
2024-12-31 13:03:00+00:00,94626.1,10000.0,0
2024-12-31 13:04:00+00:00,94565.0,10000.0,0
2024-12-31 13:05:00+00:00,94650.0,10000.0,0
2024-12-31 13:06:00+00:00,94601.2,10000.0,0
2024-12-31 13:07:00+00:00,94675.6,10000.0,0
2024-12-31 13:08:00+00:00,94851.5,10000.0,0
2024-12-31 13:09:00+00:00,94859.6,10000.0,0
2024-12-31 13:10:00+00:00,94892.2,10000.0,0
2024-12-31 13:11:00+00:00,94977.4,10000.0,0
2024-12-31 13:12:00+00:00,94942.4,10000.30052546276,1
2024-12-31 13:13:00+00:00,94982.4,9999.698389241226,2
2024-12-31 13:14:00+00:00,95084.9,9998.157727568094,2
2024-12-31 13:15:00+00:00,95172.7,9996.840658112103,2
2024-12-31 13:16:00+00:00,95190.1,9996.579932808652,2
2024-12-31 13:17:00+00:00,95260.8,9995.521528710175,2
2024-12-31 13:18:00+00:00,95306.9,9994.832241113223,2
2024-12-31 13:19:00+00:00,95359.6,9994.045086658842,2
2024-12-31 13:20:00+00:00,95349.9,9994.189905536783,2
2024-12-31 13:21:00+00:00,95359.9,9994.04060819416,2
2024-12-31 13:22:00+00:00,95298.1,9994.963767289046,2
2024-12-31 13:23:00+00:00,95335.2,9994.409429491254,2
2024-12-31 13:24:00+00:00,95367.9,9993.921192863094,2
2024-12-31 13:25:00+00:00,95384.9,9993.667501793425,2
2024-12-31 13:26:00+00:00,95458.8,9992.56574193397,2
2024-12-31 13:27:00+00:00,95549.9,9991.209896209128,2
2024-12-31 13:28:00+00:00,95980.9,9984.830195253546,2
2024-12-31 13:29:00+00:00,95728.7,9988.556309868734,2
2024-12-31 13:30:00+00:00,95738.4,9988.412634766633,2
2024-12-31 13:31:00+00:00,95816.4,9987.258366663784,2
2024-12-31 13:32:00+00:00,95766.5,9987.996585610155,2
2024-12-31 13:33:00+00:00,95661.5,9989.552467421201,2
2024-12-31 13:34:00+00:00,95608.1,9990.345055415359,2
2024-12-31 13:35:00+00:00,95649.8,9989.726048632867,2
2024-12-31 13:36:00+00:00,95661.9,9989.546533771429,2
2024-12-31 13:37:00+00:00,95582.2,9990.729794369981,2
2024-12-31 13:38:00+00:00,95563.1,9991.01365438533,2
2024-12-31 13:39:00+00:00,95494.4,9992.035597471306,2
2024-12-31 13:40:00+00:00,95622.5,9990.131236650186,2
2024-12-31 13:41:00+00:00,95572.9,9990.867994759972,2
2024-12-31 13:42:00+00:00,95488.1,9992.129386383713,2
2024-12-31 13:43:00+00:00,95500.0,9991.952239937422,2
2024-12-31 13:44:00+00:00,95607.9,9990.348025573925,2
2024-12-31 13:45:00+00:00,95600.0,9990.465356777711,2
2024-12-31 13:46:00+00:00,95720.0,9988.685197875675,2
2024-12-31 13:47:00+00:00,95773.4,9987.89446140803,2
2024-12-31 13:48:00+00:00,95868.4,9986.489898073243,2
2024-12-31 13:49:00+00:00,95867.2,9986.50762256661,2
2024-12-31 13:50:00+00:00,95848.5,9986.78388660077,2
2024-12-31 13:51:00+00:00,95887.1,9986.213748707689,2
2024-12-31 13:52:00+00:00,95862.8,9986.572616172125,2
2024-12-31 13:53:00+00:00,95908.5,9985.89785963923,2
2024-12-31 13:54:00+00:00,95927.8,9985.613089903412,2
2024-12-31 13:55:00+00:00,95800.0,9987.500902878914,2
2024-12-31 13:56:00+00:00,95588.0,9990.64361849477,2
2024-12-31 13:57:00+00:00,95634.0,9989.960524853961,2
2024-12-31 13:58:00+00:00,95543.0,9991.312498743097,2
2024-12-31 13:59:00+00:00,95567.4,9990.949738830705,2
2024-12-31 14:00:00+00:00,95647.3,9989.76314414182,2
2024-12-31 14:01:00+00:00,95539.7,9991.361574759101,2
2024-12-31 14:02:00+00:00,95502.7,9991.912053190745,2
2024-12-31 14:03:00+00:00,95524.6,9991.586177965983,2
2024-12-31 14:04:00+00:00,95551.8,9991.181645939449,2
2024-12-31 14:05:00+00:00,95595.4,9990.533685146236,2
2024-12-31 14:06:00+00:00,95633.4,9989.969430541216,2
2024-12-31 14:07:00+00:00,95661.7,9989.549500590112,2
2024-12-31 14:08:00+00:00,95690.5,9989.122406387798,2
2024-12-31 14:09:00+00:00,95711.3,9988.814109314033,2
2024-12-31 14:10:00+00:00,95676.1,9989.33592134845,2
2024-12-31 14:11:00+00:00,95640.2,9987.595363076802,1
2024-12-31 14:12:00+00:00,95739.6,9982.759355695118,0
2024-12-31 14:13:00+00:00,95811.1,9982.759355695118,0
2024-12-31 14:14:00+00:00,95884.4,9982.759355695118,0
2024-12-31 14:15:00+00:00,95816.9,9982.759355695118,0
2024-12-31 14:16:00+00:00,95727.8,9982.759355695118,0
2024-12-31 14:17:00+00:00,95763.7,9982.759355695118,0
2024-12-31 14:18:00+00:00,95774.9,9982.759355695118,0
2024-12-31 14:19:00+00:00,95800.0,9982.759355695118,0
2024-12-31 14:20:00+00:00,95804.0,9982.759355695118,0
2024-12-31 14:21:00+00:00,95761.5,9982.759355695118,0
2024-12-31 14:22:00+00:00,95678.3,9982.759355695118,0
2024-12-31 14:23:00+00:00,95760.3,9982.759355695118,0
2024-12-31 14:24:00+00:00,95786.2,9982.759355695118,0
2024-12-31 14:25:00+00:00,95841.6,9982.759355695118,0
2024-12-31 14:26:00+00:00,95792.3,9982.759355695118,0
2024-12-31 14:27:00+00:00,95798.3,9982.759355695118,0
2024-12-31 14:28:00+00:00,95778.8,9982.759355695118,0
2024-12-31 14:29:00+00:00,95817.6,9982.759355695118,0
2024-12-31 14:30:00+00:00,95908.5,9983.579682698777,1
2024-12-31 14:31:00+00:00,95717.7,9981.857808196046,1
2024-12-31 14:32:00+00:00,95824.9,9982.825234541397,1
2024-12-31 14:33:00+00:00,96204.8,9986.253641897727,1
2024-12-31 14:34:00+00:00,95973.1,9984.162665365846,1
2024-12-31 14:35:00+00:00,95704.8,9981.741392152622,1
2024-12-31 14:36:00+00:00,95541.1,9980.264081586076,1
2024-12-31 14:37:00+00:00,95519.9,9980.072762196884,1
2024-12-31 14:38:00+00:00,95470.5,9979.626951922066,1
2024-12-31 14:39:00+00:00,95388.2,9978.884235614023,1
2024-12-31 14:40:00+00:00,95498.2,9979.876930557946,1
2024-12-31 14:41:00+00:00,95573.9,9980.560085169354,1
2024-12-31 14:42:00+00:00,95561.2,9980.445474025828,1
2024-12-31 14:43:00+00:00,95699.0,9981.689050055578,1
2024-12-31 14:44:00+00:00,95732.2,9981.988663438655,1
2024-12-31 14:45:00+00:00,95670.7,9981.433656720006,1
2024-12-31 14:46:00+00:00,95865.9,9983.195239020495,1
2024-12-31 14:47:00+00:00,95815.0,9982.735891996443,1
2024-12-31 14:48:00+00:00,95825.7,9982.83245414099,1
2024-12-31 14:49:00+00:00,95719.7,9981.875857195026,1
2024-12-31 14:50:00+00:00,95554.5,9980.385009879245,1
2024-12-31 14:51:00+00:00,95613.9,9980.921065148963,1
2024-12-31 14:52:00+00:00,95666.2,9981.3930464723,1
2024-12-31 14:53:00+00:00,95585.4,9980.663866913492,1
2024-12-31 14:54:00+00:00,95640.0,9981.156604585656,1
2024-12-31 14:55:00+00:00,95609.6,9980.882259801154,1
2024-12-31 14:56:00+00:00,95550.1,9980.345302081487,1
2024-12-31 14:57:00+00:00,95632.9,9981.092530639276,1
2024-12-31 14:58:00+00:00,95669.9,9981.426437120414,1
2024-12-31 14:59:00+00:00,95666.0,9981.391241572403,1
2024-12-31 15:00:00+00:00,95700.0,9981.69807455507,1
2024-12-31 15:01:00+00:00,95763.3,9982.2693253728,1
2024-12-31 15:02:00+00:00,95700.0,9981.69807455507,1
2024-12-31 15:03:00+00:00,95656.8,9981.308216177093,1
2024-12-31 15:04:00+00:00,95535.2,9980.210837039083,1
2024-12-31 15:05:00+00:00,95437.1,9979.325533639094,1
2024-12-31 15:06:00+00:00,95394.2,9978.938382610964,1
2024-12-31 15:07:00+00:00,95101.3,9976.295106710282,1
2024-12-31 15:08:00+00:00,95016.1,9974.776775582463,2
2024-12-31 15:09:00+00:00,94971.0,9973.973058048841,2
2024-12-31 15:10:00+00:00,95195.2,9977.968478692701,2
2024-12-31 15:11:00+00:00,95136.8,9976.927744680206,2
2024-12-31 15:12:00+00:00,95212.1,9978.269650007962,2
2024-12-31 15:13:00+00:00,95419.8,9981.971027651718,2
2024-12-31 15:14:00+00:00,95400.1,9981.619958130379,2
2024-12-31 15:15:00+00:00,95325.6,9980.292309432933,2
2024-12-31 15:16:00+00:00,95397.9,9981.58075239703,2
2024-12-31 15:17:00+00:00,95290.3,9979.663235620585,2
2024-12-31 15:18:00+00:00,95322.7,9980.240629148064,2
2024-12-31 15:19:00+00:00,95351.1,9980.746739524004,2
2024-12-31 15:20:00+00:00,95378.4,9981.23324703327,2
2024-12-31 15:21:00+00:00,95319.9,9980.190730941986,2
2024-12-31 15:22:00+00:00,95360.8,9980.91960116649,2
2024-12-31 15:23:00+00:00,95427.7,9982.11181187601,2
2024-12-31 15:24:00+00:00,95418.1,9981.940732312312,2
2024-12-31 15:25:00+00:00,95449.3,9982.49674089433,2
2024-12-31 15:26:00+00:00,95550.2,9984.294858391948,2
2024-12-31 15:27:00+00:00,95525.0,9983.84577453724,2
2024-12-31 15:28:00+00:00,95500.1,9983.402036918898,2
2024-12-31 15:29:00+00:00,95556.8,9983.047447210934,1
2024-12-31 15:30:00+00:00,95560.9,9983.083511993354,1
2024-12-31 15:31:00+00:00,95623.0,9983.629761502683,1
2024-12-31 15:32:00+00:00,95563.5,9983.106382343181,1
2024-12-31 15:33:00+00:00,95422.8,9981.868744566007,1
2024-12-31 15:34:00+00:00,95527.5,9982.789715960962,1
2024-12-31 15:35:00+00:00,95626.4,9984.602456328303,2
2024-12-31 15:36:00+00:00,95657.7,9985.176154745874,2
2024-12-31 15:37:00+00:00,95648.3,9985.003861930374,2
2024-12-31 15:38:00+00:00,95800.0,9987.784374708186,2
2024-12-31 15:39:00+00:00,95939.1,9990.333941797137,2
2024-12-31 15:40:00+00:00,95899.9,9989.615444098454,2
2024-12-31 15:41:00+00:00,95800.0,9987.784374708186,2
2024-12-31 15:42:00+00:00,95762.0,9987.087871837013,2
2024-12-31 15:43:00+00:00,95778.5,9987.390300715286,2
2024-12-31 15:44:00+00:00,95698.6,9985.92581178353,2
2024-12-31 15:45:00+00:00,95671.0,9985.419930750784,2
2024-12-31 15:46:00+00:00,95570.8,9983.58336265364,2
2024-12-31 15:47:00+00:00,95472.0,9981.772455188591,2
2024-12-31 15:48:00+00:00,95466.6,9981.673478464792,2
2024-12-31 15:49:00+00:00,95399.4,9980.441768124194,2
2024-12-31 15:50:00+00:00,95301.0,9978.638192268314,2
2024-12-31 15:51:00+00:00,95400.0,9980.452765537948,2
2024-12-31 15:52:00+00:00,95443.8,9981.255576742089,2
2024-12-31 15:53:00+00:00,95438.1,9981.151101311414,2
2024-12-31 15:54:00+00:00,95471.2,9981.75779197025,2
2024-12-31 15:55:00+00:00,95447.4,9981.321561224622,2
2024-12-31 15:56:00+00:00,95478.7,9981.895259642193,2
2024-12-31 15:57:00+00:00,95499.9,9982.283834928216,2
2024-12-31 15:58:00+00:00,95410.7,9980.648886083252,2
2024-12-31 15:59:00+00:00,95389.4,9980.258477894937,2
2024-12-31 16:00:00+00:00,95288.1,9978.401747872575,2
2024-12-31 16:01:00+00:00,95337.9,9979.314533214269,2
2024-12-31 16:02:00+00:00,95327.4,9979.12207847355,2
2024-12-31 16:03:00+00:00,95228.7,9977.313003910795,2
2024-12-31 16:04:00+00:00,95244.2,9977.59710376614,2
2024-12-31 16:05:00+00:00,95200.0,9976.78696095283,2
2024-12-31 16:06:00+00:00,95150.9,9975.887005927183,2
2024-12-31 16:07:00+00:00,95341.9,9978.799367352702,1
2024-12-31 16:08:00+00:00,95371.8,9979.084396115168,1
2024-12-31 16:09:00+00:00,95465.6,9979.978566614138,1
2024-12-31 16:10:00+00:00,95488.9,9980.200679328702,1
2024-12-31 16:11:00+00:00,95476.9,9980.086286514334,1
2024-12-31 16:12:00+00:00,95503.2,9980.336997432489,1
2024-12-31 16:13:00+00:00,95487.6,9980.188286773811,1
2024-12-31 16:14:00+00:00,95446.6,9979.797444658057,1
2024-12-31 16:15:00+00:00,95406.3,9979.413275456473,1
2024-12-31 16:16:00+00:00,95408.2,9979.431387652081,1
2024-12-31 16:17:00+00:00,95309.5,9978.490506753911,1
2024-12-31 16:18:00+00:00,95217.7,9977.615401724,1
2024-12-31 16:19:00+00:00,95182.1,9977.276036374711,1
2024-12-31 16:20:00+00:00,95179.0,9977.246484897667,1
2024-12-31 16:21:00+00:00,95241.6,9977.843234079282,1
2024-12-31 16:22:00+00:00,95078.2,9976.285585256981,1
2024-12-31 16:23:00+00:00,95124.9,9976.73076395956,1
2024-12-31 16:24:00+00:00,95121.5,9976.698352662157,1
2024-12-31 16:25:00+00:00,95017.9,9975.710761364786,1
2024-12-31 16:26:00+00:00,95055.9,9976.073005276949,1
2024-12-31 16:27:00+00:00,94941.1,9974.978647352837,1
2024-12-31 16:28:00+00:00,94968.0,9975.23507791171,1
2024-12-31 16:29:00+00:00,94928.7,9974.860441444656,1
2024-12-31 16:30:00+00:00,94943.1,9974.997712821898,1
2024-12-31 16:31:00+00:00,94724.5,9972.913857053507,1
2024-12-31 16:32:00+00:00,94711.8,9972.693419037523,2
2024-12-31 16:33:00+00:00,94655.1,9971.709258761439,2
2024-12-31 16:34:00+00:00,94638.0,9969.59016770176,1
2024-12-31 16:35:00+00:00,94696.1,9970.61499199596,2
2024-12-31 16:36:00+00:00,94830.1,9972.9786142924,2
2024-12-31 16:37:00+00:00,94794.3,9972.34713908186,2
2024-12-31 16:38:00+00:00,94771.2,9971.939678820308,2
2024-12-31 16:39:00+00:00,94850.0,9973.329629842394,2
2024-12-31 16:40:00+00:00,94866.0,9973.611853400178,2
2024-12-31 16:41:00+00:00,94724.5,9971.115938811026,2
2024-12-31 16:42:00+00:00,94768.2,9971.886761903224,2
2024-12-31 16:43:00+00:00,94818.7,9972.777530007479,2
2024-12-31 16:44:00+00:00,94843.9,9973.222032110989,2
2024-12-31 16:45:00+00:00,94846.6,9973.269657336365,2
2024-12-31 16:46:00+00:00,94881.6,9973.887021369017,2
2024-12-31 16:47:00+00:00,94856.1,9973.437227573799,2
2024-12-31 16:48:00+00:00,94876.7,9973.800590404446,2
2024-12-31 16:49:00+00:00,94901.9,9974.245092507954,2
2024-12-31 16:50:00+00:00,94957.2,9975.220527679545,2
2024-12-31 16:51:00+00:00,94955.8,9975.19583311824,2
2024-12-31 16:52:00+00:00,94949.9,9975.091763181306,2
2024-12-31 16:53:00+00:00,94920.1,9974.566121804934,2
2024-12-31 16:54:00+00:00,94871.0,9973.700048261984,2
2024-12-31 16:55:00+00:00,94893.4,9974.095161242882,2
2024-12-31 16:56:00+00:00,94909.5,9974.379148697903,2
2024-12-31 16:57:00+00:00,94872.6,9973.728270617763,2
2024-12-31 16:58:00+00:00,94812.1,9972.661112789894,2
2024-12-31 16:59:00+00:00,94832.7,9973.02447562054,2
2024-12-31 17:00:00+00:00,94840.7,9973.165587399431,2
2024-12-31 17:01:00+00:00,94766.5,9971.856775650209,2
2024-12-31 17:02:00+00:00,94740.0,9971.38934288263,2
2024-12-31 17:03:00+00:00,94828.2,9972.945100244913,2
2024-12-31 17:04:00+00:00,94795.0,9972.359486362511,2
2024-12-31 17:05:00+00:00,94823.4,9972.860433177579,2
2024-12-31 17:06:00+00:00,94762.3,9971.782691966291,2
2024-12-31 17:07:00+00:00,94741.0,9971.406981854992,2
2024-12-31 17:08:00+00:00,94789.8,9972.267763706232,2
2024-12-31 17:09:00+00:00,94900.5,9974.220397946649,2
2024-12-31 17:10:00+00:00,95019.8,9976.324727349374,2
2024-12-31 17:11:00+00:00,94982.1,9975.659738091346,2
2024-12-31 17:12:00+00:00,94908.9,9974.368565314486,2
2024-12-31 17:13:00+00:00,94939.0,9974.899498382567,2
2024-12-31 17:14:00+00:00,94911.4,9974.41266274539,2
2024-12-31 17:15:00+00:00,94868.8,9973.66124252279,2
2024-12-31 17:16:00+00:00,94871.2,9973.703576056458,2
2024-12-31 17:17:00+00:00,94829.0,9972.959211422803,2
2024-12-31 17:18:00+00:00,94883.6,9973.92229931374,2
2024-12-31 17:19:00+00:00,94865.2,9973.597742222288,2
2024-12-31 17:20:00+00:00,94816.9,9972.745779857229,2
2024-12-31 17:21:00+00:00,94722.6,9971.082424763541,2
2024-12-31 17:22:00+00:00,94693.3,9970.565602873348,2
2024-12-31 17:23:00+00:00,94610.6,9969.106859859054,2
2024-12-31 17:24:00+00:00,94594.5,9968.822872404035,2
2024-12-31 17:25:00+00:00,94672.6,9970.200476145466,2
2024-12-31 17:26:00+00:00,94596.2,9968.852858657048,2
2024-12-31 17:27:00+00:00,94620.4,9969.279721788196,2
2024-12-31 17:28:00+00:00,94465.1,9966.540389380458,2
2024-12-31 17:29:00+00:00,94508.8,9967.311212472654,2
2024-12-31 17:30:00+00:00,94477.4,9966.757348740504,2
2024-12-31 17:31:00+00:00,94442.4,9964.372667674677,1
2024-12-31 17:32:00+00:00,94149.0,9961.49312776148,1
2024-12-31 17:33:00+00:00,94146.0,9961.463684613083,1
2024-12-31 17:34:00+00:00,94046.0,9959.043697699963,0
2024-12-31 17:35:00+00:00,93842.2,9956.977800869334,1
2024-12-31 17:36:00+00:00,93847.7,9957.033553727864,1
2024-12-31 17:37:00+00:00,93560.9,9954.126295577596,1
2024-12-31 17:38:00+00:00,93654.9,9955.079162614295,1
2024-12-31 17:39:00+00:00,93342.0,9951.907331808094,1
2024-12-31 17:40:00+00:00,93411.6,9952.612858890585,1
2024-12-31 17:41:00+00:00,93682.5,9955.358940595283,1
2024-12-31 17:42:00+00:00,93738.8,9955.929647128965,1
2024-12-31 17:43:00+00:00,93804.1,9956.59158561297,1
2024-12-31 17:44:00+00:00,93692.1,9955.456254675628,1
2024-12-31 17:45:00+00:00,93603.2,9954.555085744112,1
2024-12-31 17:46:00+00:00,93552.5,9954.041145757295,1
2024-12-31 17:47:00+00:00,93659.3,9955.12376490112,1
2024-12-31 17:48:00+00:00,93559.8,9954.115145005891,1
2024-12-31 17:49:00+00:00,93490.4,9953.411645300073,1
2024-12-31 17:50:00+00:00,93551.8,9954.034049938939,1
2024-12-31 17:51:00+00:00,93535.6,9953.869832428358,1
2024-12-31 17:52:00+00:00,93617.3,9954.698015799617,1
2024-12-31 17:53:00+00:00,93865.8,9957.217031316844,1
2024-12-31 17:54:00+00:00,93868.8,9957.247441966952,1
2024-12-31 17:55:00+00:00,93875.2,9957.312318020515,1
2024-12-31 17:56:00+00:00,93875.6,9957.316372773863,1
2024-12-31 17:57:00+00:00,93964.4,9958.216528017041,1
2024-12-31 17:58:00+00:00,94135.7,9959.952976138175,1
2024-12-31 17:59:00+00:00,94082.8,9959.416735007946,1
2024-12-31 18:00:00+00:00,94045.0,9959.033560816593,1
2024-12-31 18:01:00+00:00,94102.6,9959.617445298656,1
2024-12-31 18:02:00+00:00,94110.7,9959.699554053945,1
2024-12-31 18:03:00+00:00,94009.9,9958.677756210336,1
2024-12-31 18:04:00+00:00,94058.5,9959.170408742077,1
2024-12-31 18:05:00+00:00,94058.2,9959.167367677066,1
2024-12-31 18:06:00+00:00,94200.0,9960.604777738808,1
2024-12-31 18:07:00+00:00,94322.0,9961.841477509843,1
2024-12-31 18:08:00+00:00,94256.0,9961.17244320748,1
2024-12-31 18:09:00+00:00,94290.0,9961.517097242031,1
2024-12-31 18:10:00+00:00,94234.0,9960.949431773359,1
2024-12-31 18:11:00+00:00,94180.8,9960.410149578121,1
2024-12-31 18:12:00+00:00,94213.7,9960.743653040967,1
2024-12-31 18:13:00+00:00,94152.7,9960.12530315545,1
2024-12-31 18:14:00+00:00,94179.9,9960.40102638309,1
2024-12-31 18:15:00+00:00,94143.0,9960.026975386769,1
2024-12-31 18:16:00+00:00,94222.8,9960.835898679625,1
2024-12-31 18:17:00+00:00,94240.9,9961.019376268607,1
2024-12-31 18:18:00+00:00,94213.1,9960.737570910944,1
2024-12-31 18:19:00+00:00,94164.0,9960.23984993752,1
2024-12-31 18:20:00+00:00,94080.2,9959.390379111186,1
2024-12-31 18:21:00+00:00,93997.2,9958.549017791549,1
2024-12-31 18:22:00+00:00,93930.1,9957.86883291748,1
2024-12-31 18:23:00+00:00,93895.9,9957.522151506257,1
2024-12-31 18:24:00+00:00,93875.0,9957.310290643842,1
2024-12-31 18:25:00+00:00,94004.3,9958.62098966347,1
2024-12-31 18:26:00+00:00,93903.2,9957.59615075485,1
2024-12-31 18:27:00+00:00,93830.0,9956.85413089223,1
2024-12-31 18:28:00+00:00,93941.5,9957.98439338789,1
2024-12-31 18:29:00+00:00,93968.0,9958.25302079717,1
2024-12-31 18:30:00+00:00,94040.2,9958.984903776422,1
2024-12-31 18:31:00+00:00,94125.3,9959.847552551135,1
2024-12-31 18:32:00+00:00,94134.9,9959.944866631478,1
2024-12-31 18:33:00+00:00,94120.6,9959.7999091993,1
2024-12-31 18:34:00+00:00,94058.3,9958.174853873297,0
2024-12-31 18:35:00+00:00,93969.0,9958.957278573642,1
2024-12-31 18:36:00+00:00,93954.5,9959.084464376254,1
2024-12-31 18:37:00+00:00,93914.7,9959.43376932175,1
2024-12-31 18:38:00+00:00,93992.4,9958.752109764908,1
2024-12-31 18:39:00+00:00,94030.8,9958.415643770508,1
2024-12-31 18:40:00+00:00,94077.0,9958.011197152384,1
2024-12-31 18:41:00+00:00,94012.6,9958.57508036776,1
2024-12-31 18:42:00+00:00,93947.5,9959.145878470368,1
2024-12-31 18:43:00+00:00,94020.1,9958.509370996055,1
2024-12-31 18:44:00+00:00,94070.4,9958.068950918347,1
2024-12-31 18:45:00+00:00,94000.0,9958.685495717269,1
2024-12-31 18:46:00+00:00,94079.7,9957.987572947302,1
2024-12-31 18:47:00+00:00,94097.6,9957.830987504762,1
2024-12-31 18:48:00+00:00,94143.0,9957.434104870894,1
2024-12-31 18:49:00+00:00,94112.7,9957.698942191522,1
2024-12-31 18:50:00+00:00,94101.0,9957.801251750756,1
2024-12-31 18:51:00+00:00,94069.7,9958.075076793111,1
2024-12-31 18:52:00+00:00,93978.4,9958.874848056357,1
2024-12-31 18:53:00+00:00,93912.9,9959.449574030663,1
2024-12-31 18:54:00+00:00,93917.3,9959.410941367294,1
2024-12-31 18:55:00+00:00,93846.7,9960.03125727729,1
2024-12-31 18:56:00+00:00,93865.1,9959.86949863477,1
2024-12-31 18:57:00+00:00,93803.8,9960.408647529133,1
2024-12-31 18:58:00+00:00,93875.0,9959.782491689542,1
2024-12-31 18:59:00+00:00,93865.1,9959.86949863477,1
2024-12-31 19:00:00+00:00,93913.5,9959.444305727042,1
2024-12-31 19:01:00+00:00,93939.5,9959.216077213852,1
2024-12-31 19:02:00+00:00,93900.3,9959.560223959086,1
2024-12-31 19:03:00+00:00,93918.6,9959.399527864036,1
2024-12-31 19:04:00+00:00,93886.0,9959.685838826681,1
2024-12-31 19:05:00+00:00,93935.8,9959.248548176569,1
2024-12-31 19:06:00+00:00,93950.6,9959.11867967111,1
2024-12-31 19:07:00+00:00,94003.4,9958.655698183184,1
2024-12-31 19:08:00+00:00,94011.5,9958.584718623886,1
2024-12-31 19:09:00+00:00,94050.0,9958.247513805956,1
2024-12-31 19:10:00+00:00,94150.7,9957.366830141133,1
2024-12-31 19:11:00+00:00,94239.9,9956.58829304998,1
2024-12-31 19:12:00+00:00,94220.7,9956.755746041013,1
2024-12-31 19:13:00+00:00,94251.6,9956.48628483751,1
2024-12-31 19:14:00+00:00,94230.8,9956.667650283813,1
2024-12-31 19:15:00+00:00,94150.1,9957.372071932545,1
2024-12-31 19:16:00+00:00,94138.5,9957.473426366663,1
2024-12-31 19:17:00+00:00,94046.6,9958.277281818593,1
2024-12-31 19:18:00+00:00,93999.9,9958.686372147962,1
2024-12-31 19:19:00+00:00,94014.1,9958.561937654702,1
2024-12-31 19:20:00+00:00,93916.0,9959.422355186527,1
2024-12-31 19:21:00+00:00,93929.1,9959.307353457203,1
2024-12-31 19:22:00+00:00,93940.0,9959.2116894421,1
2024-12-31 19:23:00+00:00,93922.5,9959.365289249981,1
2024-12-31 19:24:00+00:00,93941.5,9959.19852640709,1
2024-12-31 19:25:00+00:00,93949.0,9959.132717536917,1
2024-12-31 19:26:00+00:00,93970.8,9958.941492729906,1
2024-12-31 19:27:00+00:00,93968.6,9958.960786621044,1
2024-12-31 19:28:00+00:00,93954.4,9959.085341656022,1
2024-12-31 19:29:00+00:00,93910.3,9959.472404124264,1
2024-12-31 19:30:00+00:00,93973.2,9958.92044587896,1
2024-12-31 19:31:00+00:00,93917.4,9959.410063394287,1
2024-12-31 19:32:00+00:00,93966.7,9958.977450254071,1
2024-12-31 19:33:00+00:00,93900.0,9959.562858843123,1
2024-12-31 19:34:00+00:00,93910.0,9958.752946871675,0
2024-12-31 19:35:00+00:00,93933.9,9958.534981543573,1
2024-12-31 19:36:00+00:00,93871.6,9959.103382999321,1
2024-12-31 19:37:00+00:00,93875.3,9959.069604537039,1
2024-12-31 19:38:00+00:00,93922.6,9958.638022455187,1
2024-12-31 19:39:00+00:00,93905.0,9958.798560346286,1
2024-12-31 19:40:00+00:00,93877.0,9959.05408559575,1
2024-12-31 19:41:00+00:00,93856.3,9959.243089781634,1
2024-12-31 19:42:00+00:00,93813.3,9959.635973763028,1
2024-12-31 19:43:00+00:00,93757.6,9960.145431320936,1
2024-12-31 19:44:00+00:00,93812.2,9959.646029008114,1
2024-12-31 19:45:00+00:00,93924.5,9958.620695258234,1
2024-12-31 19:46:00+00:00,93843.3,9959.361830688278,1
2024-12-31 19:47:00+00:00,93921.4,9958.648966309205,1
2024-12-31 19:48:00+00:00,93933.1,9958.54227565993,1
2024-12-31 19:49:00+00:00,94017.6,9957.772520511788,1
2024-12-31 19:50:00+00:00,94026.1,9957.695166106547,1
2024-12-31 19:51:00+00:00,94080.9,9957.196793249279,1
2024-12-31 19:52:00+00:00,94143.6,9956.627286355895,1
2024-12-31 19:53:00+00:00,94054.9,9957.433175121347,1
2024-12-31 19:54:00+00:00,94066.6,9957.326787108273,1
2024-12-31 19:55:00+00:00,94078.6,9957.217698685583,1
2024-12-31 19:56:00+00:00,94095.9,9957.060478514039,1
2024-12-31 19:57:00+00:00,94141.5,9956.64634847104,1
2024-12-31 19:58:00+00:00,94109.1,9956.940557492397,1
2024-12-31 19:59:00+00:00,94155.8,9956.516561363116,1
2024-12-31 20:00:00+00:00,94161.8,9956.462116973917,1
2024-12-31 20:01:00+00:00,94140.8,9956.652702698408,1
2024-12-31 20:02:00+00:00,94133.5,9956.718973844007,1
2024-12-31 20:03:00+00:00,94126.2,9956.785255268982,1
2024-12-31 20:04:00+00:00,94083.1,9957.17679770142,1
2024-12-31 20:05:00+00:00,94094.7,9957.071382093496,1
2024-12-31 20:06:00+00:00,94190.6,9956.20088045882,1
2024-12-31 20:07:00+00:00,94179.9,9956.297918427885,1
2024-12-31 20:08:00+00:00,94161.8,9956.462116973917,1
2024-12-31 20:09:00+00:00,94185.0,9956.251663935609,1
2024-12-31 20:10:00+00:00,94047.3,9957.502296046681,1
2024-12-31 20:11:00+00:00,93940.7,9958.472986570478,1
2024-12-31 20:12:00+00:00,93916.0,9958.698217113168,1
2024-12-31 20:13:00+00:00,93859.4,9959.214779499343,1
2024-12-31 20:14:00+00:00,93922.8,9958.636198506705,1
2024-12-31 20:15:00+00:00,93895.4,9958.886151835211,1
2024-12-31 20:16:00+00:00,93909.9,9958.753859093567,1
2024-12-31 20:17:00+00:00,93937.5,9958.502159557414,1
2024-12-31 20:18:00+00:00,93901.1,9958.834142228634,1
2024-12-31 20:19:00+00:00,93960.9,9958.288877952227,1
2024-12-31 20:20:00+00:00,94022.2,9957.73065639134,1
2024-12-31 20:21:00+00:00,94084.8,9957.161347236735,1
2024-12-31 20:22:00+00:00,94093.1,9957.08592063206,1
2024-12-31 20:23:00+00:00,94108.2,9956.948732857027,1
2024-12-31 20:24:00+00:00,94047.9,9957.496838725365,1
2024-12-31 20:25:00+00:00,94066.0,9957.33224226002,1
2024-12-31 20:26:00+00:00,94097.9,9957.042306499608,1
2024-12-31 20:27:00+00:00,94066.0,9957.33224226002,1
2024-12-31 20:28:00+00:00,94071.3,9957.284057493795,1
2024-12-31 20:29:00+00:00,94079.3,9957.211336053284,1
2024-12-31 20:30:00+00:00,94057.1,9957.413168517178,1
2024-12-31 20:31:00+00:00,93994.4,9957.983723740652,1
2024-12-31 20:32:00+00:00,93934.0,9958.534069787765,1
2024-12-31 20:33:00+00:00,93907.0,9958.780314373565,1
2024-12-31 20:34:00+00:00,93903.3,9957.824725385872,0
2024-12-31 20:35:00+00:00,93908.1,9957.780767516422,1
2024-12-31 20:36:00+00:00,93804.6,9958.729606383178,1
2024-12-31 20:37:00+00:00,93758.4,9959.15382229879,1
2024-12-31 20:38:00+00:00,93724.4,9959.466282973865,1
2024-12-31 20:39:00+00:00,93764.9,9959.094112971205,1
2024-12-31 20:40:00+00:00,93742.7,9959.298077444219,1
2024-12-31 20:41:00+00:00,93790.5,9958.859030566035,1
2024-12-31 20:42:00+00:00,93745.5,9959.272346871703,1
2024-12-31 20:43:00+00:00,93706.0,9959.635473897173,1
2024-12-31 20:44:00+00:00,93670.1,9959.965771461408,1
2024-12-31 20:45:00+00:00,93634.9,9960.289874598398,1
2024-12-31 20:46:00+00:00,93676.7,9959.905029239444,1
2024-12-31 20:47:00+00:00,93732.5,9959.39182324414,1
2024-12-31 20:48:00+00:00,93724.2,9959.468121648522,1
2024-12-31 20:49:00+00:00,93804.6,9958.729606383178,1
2024-12-31 20:50:00+00:00,93734.7,9959.371601836108,1
2024-12-31 20:51:00+00:00,93709.6,9959.602366097175,1
2024-12-31 20:52:00+00:00,93654.6,9960.108457311479,1
2024-12-31 20:53:00+00:00,93665.4,9960.009032504615,1
2024-12-31 20:54:00+00:00,93628.7,9960.346986188382,1
2024-12-31 20:55:00+00:00,93556.1,9961.01630776265,1
2024-12-31 20:56:00+00:00,93441.7,9962.073106997079,1
2024-12-31 20:57:00+00:00,93547.4,9961.096585426878,1
2024-12-31 20:58:00+00:00,93509.5,9961.44647504767,1
2024-12-31 20:59:00+00:00,93544.9,9961.119656483132,1
2024-12-31 21:00:00+00:00,93675.7,9959.914232056224,1
2024-12-31 21:01:00+00:00,93696.7,9959.721014155914,1
2024-12-31 21:02:00+00:00,93705.3,9959.641911820363,1
2024-12-31 21:03:00+00:00,93664.0,9960.021919612042,1
2024-12-31 21:04:00+00:00,93705.2,9959.642831531528,1
2024-12-31 21:05:00+00:00,93664.0,9960.021919612042,1
2024-12-31 21:06:00+00:00,93662.0,9960.04033043381,1
2024-12-31 21:07:00+00:00,93635.5,9960.284348071713,1
2024-12-31 21:08:00+00:00,93616.7,9960.457546239417,1
2024-12-31 21:09:00+00:00,93549.4,9961.078129469703,1
2024-12-31 21:10:00+00:00,93511.2,9961.430774714721,1
2024-12-31 21:11:00+00:00,93574.9,9960.842885170174,1
2024-12-31 21:12:00+00:00,93572.3,9960.866864993426,1
2024-12-31 21:13:00+00:00,93534.2,9961.218414539144,1
2024-12-31 21:14:00+00:00,93555.3,9961.023688993491,1
2024-12-31 21:15:00+00:00,93514.4,9961.401222695376,1
2024-12-31 21:16:00+00:00,93531.7,9961.241492107743,1
2024-12-31 21:17:00+00:00,93539.0,9961.174109065407,1
2024-12-31 21:18:00+00:00,93540.4,9961.161187492085,1
2024-12-31 21:19:00+00:00,93611.4,9960.506385952855,1
2024-12-31 21:20:00+00:00,93607.7,9960.540484880015,1
2024-12-31 21:21:00+00:00,93624.9,9960.381993804851,1
2024-12-31 21:22:00+00:00,93750.0,9959.230997385872,1
2024-12-31 21:23:00+00:00,93670.6,9959.961169478254,1
2024-12-31 21:24:00+00:00,93716.1,9959.542594567367,1
2024-12-31 21:25:00+00:00,93711.5,9959.584893561603,1
2024-12-31 21:26:00+00:00,93665.9,9960.004430059611,1
2024-12-31 21:27:00+00:00,93545.7,9961.112273610965,1
2024-12-31 21:28:00+00:00,93582.0,9960.77740859418,1
2024-12-31 21:29:00+00:00,93595.8,9960.650172681584,1
2024-12-31 21:30:00+00:00,93680.4,9959.870980525688,1
2024-12-31 21:31:00+00:00,93699.5,9959.695258312942,1
2024-12-31 21:32:00+00:00,93644.1,9960.205142304823,1
2024-12-31 21:33:00+00:00,93753.0,9959.20343326722,1
2024-12-31 21:34:00+00:00,93723.7,9958.739580817351,0
2024-12-31 21:35:00+00:00,93734.2,9958.739580817351,0
2024-12-31 21:36:00+00:00,93763.2,9958.739580817351,0
2024-12-31 21:37:00+00:00,93892.4,9958.739580817351,0
2024-12-31 21:38:00+00:00,93901.5,9958.739580817351,0
2024-12-31 21:39:00+00:00,93947.5,9958.739580817351,0
2024-12-31 21:40:00+00:00,93915.6,9959.02603305035,1
2024-12-31 21:41:00+00:00,93889.2,9959.263244170894,1
2024-12-31 21:42:00+00:00,93887.1,9959.28211896512,1
2024-12-31 21:43:00+00:00,93915.7,9959.025134776914,1
2024-12-31 21:44:00+00:00,93904.0,9959.130245751752,1
2024-12-31 21:45:00+00:00,93863.7,9959.492495238297,1
2024-12-31 21:46:00+00:00,93800.0,9960.065717988638,1
2024-12-31 21:47:00+00:00,93823.3,9959.855955960838,1
2024-12-31 21:48:00+00:00,93857.1,9959.551851102,1
2024-12-31 21:49:00+00:00,93852.0,9959.597722714523,1
2024-12-31 21:50:00+00:00,93841.0,9959.696678461238,1
2024-12-31 21:51:00+00:00,93858.3,9959.541058505882,1
2024-12-31 21:52:00+00:00,93834.6,9959.75426339002,1
2024-12-31 21:53:00+00:00,93839.4,9959.711073957049,1
2024-12-31 21:54:00+00:00,93849.9,9959.61661247464,1
2024-12-31 21:55:00+00:00,93851.4,9959.603119702582,1
2024-12-31 21:56:00+00:00,93872.0,9959.417862591114,1
2024-12-31 21:57:00+00:00,93895.8,9959.203928885458,1
2024-12-31 21:58:00+00:00,93923.3,9958.956871592554,1
2024-12-31 21:59:00+00:00,93881.3,9959.334253735884,1
2024-12-31 22:00:00+00:00,93801.6,9960.051310396946,1
2024-12-31 22:01:00+00:00,93813.8,9959.941468670382,1
2024-12-31 22:02:00+00:00,93811.1,9959.96577544322,1
2024-12-31 22:03:00+00:00,93815.8,9959.923464555484,1
2024-12-31 22:04:00+00:00,93781.6,9960.231440627804,1
2024-12-31 22:05:00+00:00,93708.5,9960.890470722394,1
2024-12-31 22:06:00+00:00,93762.4,9960.404437945583,1
2024-12-31 22:07:00+00:00,93724.8,9960.743429674147,1
2024-12-31 22:08:00+00:00,93720.3,9960.7840187175,1
2024-12-31 22:09:00+00:00,93693.3,9961.027634854656,1
2024-12-31 22:10:00+00:00,93713.1,9960.848969294879,1
2024-12-31 22:11:00+00:00,93699.9,9960.96807127821,1
2024-12-31 22:12:00+00:00,93687.1,9961.083596162047,1
2024-12-31 22:13:00+00:00,93691.4,9961.044783500487,1
2024-12-31 22:14:00+00:00,93753.3,9960.486456216226,1
2024-12-31 22:15:00+00:00,93794.5,9960.115247834074,1
2024-12-31 22:16:00+00:00,93819.8,9959.887458628504,1
2024-12-31 22:17:00+00:00,93734.5,9960.655950990553,1
2024-12-31 22:18:00+00:00,93673.6,9961.205473021771,1
2024-12-31 22:19:00+00:00,93722.7,9960.762370742666,1
2024-12-31 22:20:00+00:00,93642.8,9961.483664363195,1
2024-12-31 22:21:00+00:00,93564.0,9962.196234373563,1
2024-12-31 22:22:00+00:00,93593.8,9961.926618847649,1
2024-12-31 22:23:00+00:00,93593.8,9961.926618847649,1
2024-12-31 22:24:00+00:00,93562.1,9962.213430449485,1
2024-12-31 22:25:00+00:00,93568.7,9962.153699712524,1
2024-12-31 22:26:00+00:00,93585.8,9961.998981994311,1
2024-12-31 22:27:00+00:00,93628.5,9961.612886844185,1
2024-12-31 22:28:00+00:00,93685.0,9961.102552477703,1
2024-12-31 22:29:00+00:00,93715.5,9960.82731799352,1
2024-12-31 22:30:00+00:00,93714.3,9960.838143505578,1
2024-12-31 22:31:00+00:00,93669.6,9961.241591430542,1
2024-12-31 22:32:00+00:00,93618.0,9961.707795619348,1
2024-12-31 22:33:00+00:00,93605.3,9961.822618494349,1
2024-12-31 22:34:00+00:00,93654.6,9961.377062941383,1
2024-12-31 22:35:00+00:00,93645.1,9961.462884012073,1
2024-12-31 22:36:00+00:00,93642.3,9961.488181965906,1
2024-12-31 22:37:00+00:00,93638.6,9961.521613725432,1
2024-12-31 22:38:00+00:00,93697.5,9960.989729789664,1
2024-12-31 22:39:00+00:00,93740.8,9959.94289312209,0
2024-12-31 22:40:00+00:00,93754.9,9960.093307882791,1
2024-12-31 22:41:00+00:00,93771.6,9960.271458698659,1
2024-12-31 22:42:00+00:00,93788.1,9960.44747597182,1
2024-12-31 22:43:00+00:00,93822.1,9960.810178231668,1
2024-12-31 22:44:00+00:00,93760.0,9960.14771322177,1
2024-12-31 22:45:00+00:00,93774.5,9960.302395067882,1
2024-12-31 22:46:00+00:00,93766.1,9960.212786274271,1
2024-12-31 22:47:00+00:00,93766.0,9960.211719502919,1
2024-12-31 22:48:00+00:00,93765.5,9960.206385646155,1
2024-12-31 22:49:00+00:00,93761.6,9960.16478156341,1
2024-12-31 22:50:00+00:00,93761.6,9960.16478156341,1
2024-12-31 22:51:00+00:00,93678.8,9959.281494883542,1
2024-12-31 22:52:00+00:00,93533.4,9957.730409337015,1
2024-12-31 22:53:00+00:00,93509.1,9957.471183898359,1
2024-12-31 22:54:00+00:00,93503.5,9957.411444702619,1
2024-12-31 22:55:00+00:00,93514.1,9957.524522465983,1
2024-12-31 22:56:00+00:00,93454.0,9956.883392883134,1
2024-12-31 22:57:00+00:00,93435.9,9956.69030726833,1
2024-12-31 22:58:00+00:00,93427.4,9956.59963170337,1
2024-12-31 22:59:00+00:00,93469.1,9957.04447535736,1
2024-12-31 23:00:00+00:00,93419.1,9956.511089681113,1
2024-12-31 23:01:00+00:00,93401.9,9956.327605008482,1
2024-12-31 23:02:00+00:00,93458.9,9956.935664679406,1
2024-12-31 23:03:00+00:00,93484.5,9957.208758145644,1
2024-12-31 23:04:00+00:00,93394.1,9956.244396842989,1
2024-12-31 23:05:00+00:00,93436.6,9956.697774667799,1
2024-12-31 23:06:00+00:00,93415.1,9956.468418827013,1
2024-12-31 23:07:00+00:00,93482.2,9957.184222404538,1
2024-12-31 23:08:00+00:00,93481.5,9957.17675500507,1
2024-12-31 23:09:00+00:00,93623.1,9958.687303240204,1
2024-12-31 23:10:00+00:00,93623.2,9958.688370011556,1
2024-12-31 23:11:00+00:00,93581.0,9958.238192500803,1
2024-12-31 23:12:00+00:00,93668.7,9959.173750976941,1
2024-12-31 23:13:00+00:00,93678.9,9959.282561654896,1
2024-12-31 23:14:00+00:00,93687.3,9959.372170448505,1
2024-12-31 23:15:00+00:00,93675.5,9959.24629142891,1
2024-12-31 23:16:00+00:00,93651.6,9958.991333075664,1
2024-12-31 23:17:00+00:00,93629.4,9958.75450983541,1
2024-12-31 23:18:00+00:00,93621.9,9958.674501983973,1
2024-12-31 23:19:00+00:00,93631.1,9958.772644948403,1
2024-12-31 23:20:00+00:00,93593.0,9958.366205063101,1
2024-12-31 23:21:00+00:00,93600.0,9958.440879057776,1
2024-12-31 23:22:00+00:00,93584.4,9958.274462726788,1
2024-12-31 23:23:00+00:00,93600.0,9958.440879057776,1
2024-12-31 23:24:00+00:00,93607.8,9958.524087223272,1
2024-12-31 23:25:00+00:00,93603.1,9958.473948969704,1
2024-12-31 23:26:00+00:00,93697.4,9959.479914355106,1
2024-12-31 23:27:00+00:00,93701.5,9959.523651980558,1
2024-12-31 23:28:00+00:00,93696.7,9959.472446955639,1
2024-12-31 23:29:00+00:00,93702.0,9959.528985837322,1
2024-12-31 23:30:00+00:00,93673.3,9959.222822459156,1
2024-12-31 23:31:00+00:00,93587.4,9958.306465867361,1
2024-12-31 23:32:00+00:00,93563.6,9958.052574285468,1
2024-12-31 23:33:00+00:00,93499.2,9957.365573534462,1
2024-12-31 23:34:00+00:00,93513.4,9957.517055066515,1
2024-12-31 23:35:00+00:00,93493.4,9957.303700796016,1
2024-12-31 23:36:00+00:00,93445.4,9956.791650546818,1
2024-12-31 23:37:00+00:00,93446.4,9956.802318260343,1
2024-12-31 23:38:00+00:00,93472.2,9957.077545269287,1
2024-12-31 23:39:00+00:00,93439.9,9955.736686266382,0
2024-12-31 23:40:00+00:00,93425.7,9955.736686266382,0
2024-12-31 23:41:00+00:00,93471.9,9955.736686266382,0
2024-12-31 23:42:00+00:00,93455.9,9955.736686266382,0
2024-12-31 23:43:00+00:00,93436.4,9955.736686266382,0
2024-12-31 23:44:00+00:00,93478.4,9955.736686266382,0
2024-12-31 23:45:00+00:00,93488.3,9955.736686266382,0
2024-12-31 23:46:00+00:00,93488.1,9955.736686266382,0
2024-12-31 23:47:00+00:00,93464.0,9955.736686266382,0
2024-12-31 23:48:00+00:00,93479.4,9955.736686266382,0
2024-12-31 23:49:00+00:00,93524.0,9955.736686266382,0
2024-12-31 23:50:00+00:00,93587.2,9955.736686266382,0
2024-12-31 23:51:00+00:00,93649.9,9955.736686266382,0
2024-12-31 23:52:00+00:00,93673.2,9955.736686266382,0
2024-12-31 23:53:00+00:00,93642.9,9955.736686266382,0
2024-12-31 23:54:00+00:00,93624.5,9955.999905117573,2
2024-12-31 23:55:00+00:00,93649.8,9955.638005863433,2
2024-12-31 23:56:00+00:00,93610.1,9956.205974658697,2
2024-12-31 23:57:00+00:00,93585.3,9956.56102085739,2
2024-12-31 23:58:00+00:00,93570.8,9956.76869553993,2
2024-12-31 23:59:00+00:00,93548.9,9957.082477968192,2
